time;value
2017-01-04T19:33:52.000Z;951
2017-01-04T19:38:56.000Z;894
2017-01-04T19:44:05.000Z;964
2017-01-04T19:49:08.000Z;959
2017-01-04T19:54:01.000Z;960
2017-01-04T19:58:51.000Z;930
2017-01-04T20:03:51.000Z;968
2017-01-04T20:08:52.000Z;966
2017-01-04T20:13:59.000Z;964
2017-01-04T20:19:30.000Z;957
2017-01-04T20:23:52.000Z;932
2017-01-04T20:28:53.000Z;970
2017-01-04T20:34:01.000Z;968
2017-01-04T20:38:52.000Z;961
2017-01-04T20:44:18.000Z;961
2017-01-04T20:48:54.000Z;965
2017-01-04T20:54:26.000Z;967
2017-01-04T21:03:53.000Z;963
2017-01-04T21:08:53.000Z;965
2017-01-04T21:13:52.000Z;963
2017-01-04T21:19:01.000Z;963
2017-01-04T21:23:59.000Z;967
2017-01-04T21:29:05.000Z;955
2017-01-04T21:34:04.000Z;968
2017-01-04T21:38:52.000Z;962
2017-01-04T21:44:19.000Z;951
2017-01-04T21:48:53.000Z;964
2017-01-04T21:54:03.000Z;948
2017-01-04T21:58:52.000Z;962
2017-01-04T22:03:52.000Z;962
2017-01-04T22:08:54.000Z;958
2017-01-04T22:14:09.000Z;969
2017-01-04T22:18:52.000Z;955
2017-01-04T22:24:18.000Z;960
2017-01-04T22:28:59.000Z;961
2017-01-04T22:33:58.000Z;962
2017-01-04T22:38:52.000Z;965
2017-01-04T22:43:51.000Z;970
2017-01-04T22:48:52.000Z;972
2017-01-04T22:54:00.000Z;959
2017-01-04T22:58:52.000Z;967
2017-01-04T23:04:00.000Z;966
2017-01-04T23:08:51.000Z;940
2017-01-04T23:13:52.000Z;965
2017-01-04T23:18:58.000Z;875
2017-01-04T23:23:59.000Z;961
2017-01-04T23:28:52.000Z;932
2017-01-04T23:34:01.000Z;961
2017-01-04T23:39:18.000Z;966
2017-01-04T23:44:02.000Z;964
2017-01-04T23:48:52.000Z;957
2017-01-04T23:53:59.000Z;967
2017-01-05T00:04:12.000Z;969
2017-01-05T00:08:52.000Z;965
2017-01-05T00:14:11.000Z;963
2017-01-05T00:18:56.000Z;960
2017-01-05T00:23:59.000Z;954
2017-01-05T00:28:57.000Z;962
2017-01-05T00:33:56.000Z;904
2017-01-05T00:38:52.000Z;943
2017-01-05T00:44:30.000Z;957
2017-01-05T00:48:55.000Z;955
2017-01-05T00:53:59.000Z;951
2017-01-05T00:58:52.000Z;954
2017-01-05T01:03:53.000Z;961
2017-01-05T01:08:52.000Z;965
2017-01-05T01:14:01.000Z;961
2017-01-05T01:19:09.000Z;956
2017-01-05T01:23:51.000Z;967
2017-01-05T01:28:52.000Z;966
2017-01-05T01:34:52.000Z;970
2017-01-05T01:39:50.000Z;960
2017-01-05T01:44:50.000Z;960
2017-01-05T01:49:50.000Z;967
2017-01-05T01:55:00.000Z;945
2017-01-05T01:59:50.000Z;966
2017-01-05T02:04:55.000Z;963
2017-01-05T02:09:50.000Z;964
2017-01-05T02:14:50.000Z;966
2017-01-05T02:19:50.000Z;968
2017-01-05T02:24:50.000Z;959
2017-01-05T02:29:51.000Z;968
2017-01-05T02:35:20.000Z;957
2017-01-05T02:39:50.000Z;942
2017-01-05T02:45:02.000Z;962
2017-01-05T02:55:04.000Z;964
2017-01-05T02:59:50.000Z;951
2017-01-05T03:04:51.000Z;960
2017-01-05T03:09:50.000Z;911
2017-01-05T03:14:49.000Z;947
2017-01-05T03:19:53.000Z;954
2017-01-05T03:25:00.000Z;960
2017-01-05T03:29:50.000Z;962
2017-01-05T03:34:50.000Z;964
2017-01-05T03:39:50.000Z;958
2017-01-05T03:44:50.000Z;961
2017-01-05T03:49:52.000Z;966
2017-01-05T03:54:50.000Z;970
2017-01-05T03:59:50.000Z;963
2017-01-05T04:05:01.000Z;961
2017-01-05T04:09:50.000Z;962
2017-01-05T04:14:51.000Z;964
2017-01-05T04:19:50.000Z;971
2017-01-05T04:24:50.000Z;961
2017-01-05T04:29:50.000Z;959
2017-01-05T04:35:13.000Z;966
2017-01-05T04:39:49.000Z;966
2017-01-05T04:44:50.000Z;962
2017-01-05T04:49:50.000Z;956
2017-01-05T04:55:06.000Z;957
2017-01-05T04:59:50.000Z;903
2017-01-05T05:04:51.000Z;953
2017-01-05T05:09:51.000Z;965
2017-01-05T05:14:55.000Z;961
2017-01-05T05:19:51.000Z;962
2017-01-05T05:24:50.000Z;962
2017-01-05T05:29:50.000Z;971
2017-01-05T05:34:50.000Z;923
2017-01-05T05:39:50.000Z;963
2017-01-05T05:44:50.000Z;963
2017-01-05T05:49:51.000Z;957
2017-01-05T05:54:50.000Z;965
2017-01-05T05:59:50.000Z;964
2017-01-05T06:05:01.000Z;966
2017-01-05T06:09:50.000Z;959
2017-01-05T06:14:50.000Z;961
2017-01-05T06:19:50.000Z;966
2017-01-05T06:24:50.000Z;961
2017-01-05T06:29:50.000Z;962
2017-01-05T06:34:50.000Z;961
2017-01-05T06:39:50.000Z;957
2017-01-05T06:44:50.000Z;963
2017-01-05T06:49:50.000Z;958
2017-01-05T06:54:55.000Z;962
2017-01-05T06:59:50.000Z;970
2017-01-05T07:04:51.000Z;963
2017-01-05T07:09:50.000Z;964
2017-01-05T07:15:05.000Z;853
2017-01-05T07:19:50.000Z;965
2017-01-05T07:24:49.000Z;969
2017-01-05T07:29:50.000Z;967
2017-01-05T07:34:50.000Z;965
2017-01-05T07:39:50.000Z;965
2017-01-05T07:44:51.000Z;963
2017-01-05T07:49:49.000Z;959
2017-01-05T07:55:20.000Z;867
2017-01-05T07:59:50.000Z;964
2017-01-05T08:04:51.000Z;964
2017-01-05T08:09:50.000Z;955
2017-01-05T08:14:50.000Z;957
2017-01-05T08:19:50.000Z;966
2017-01-05T08:24:50.000Z;958
2017-01-05T08:29:50.000Z;962
2017-01-05T08:34:51.000Z;950
2017-01-05T08:39:50.000Z;951
2017-01-05T08:44:50.000Z;961
2017-01-05T08:49:50.000Z;954
2017-01-05T08:54:51.000Z;813
2017-01-05T08:59:50.000Z;961
2017-01-05T09:04:50.000Z;961
2017-01-05T09:09:50.000Z;968
2017-01-05T09:14:54.000Z;950
2017-01-05T09:19:50.000Z;962
2017-01-05T09:24:50.000Z;962
2017-01-05T09:29:51.000Z;963
2017-01-05T09:34:50.000Z;965
2017-01-05T09:39:50.000Z;963
2017-01-05T09:44:50.000Z;969
2017-01-05T09:49:50.000Z;969
2017-01-05T09:54:52.000Z;924
2017-01-05T09:59:50.000Z;968
2017-01-05T10:04:51.000Z;965
2017-01-05T10:09:50.000Z;963
2017-01-05T10:14:50.000Z;963
2017-01-05T10:19:50.000Z;932
2017-01-05T10:24:50.000Z;968
2017-01-05T10:29:50.000Z;966
2017-01-05T10:34:53.000Z;962
2017-01-05T10:39:50.000Z;966
2017-01-05T10:44:50.000Z;959
2017-01-05T10:49:50.000Z;888
2017-01-05T10:54:50.000Z;962
2017-01-05T10:59:50.000Z;961
2017-01-05T11:04:55.000Z;965
2017-01-05T11:09:51.000Z;958
2017-01-05T11:14:51.000Z;961
2017-01-05T11:19:50.000Z;959
2017-01-05T11:25:14.000Z;968
2017-01-05T11:29:50.000Z;955
2017-01-05T11:35:06.000Z;968
2017-01-05T11:39:50.000Z;958
2017-01-05T11:44:52.000Z;965
2017-01-05T11:49:50.000Z;964
2017-01-05T11:54:50.000Z;949
2017-01-05T11:59:50.000Z;972
2017-01-05T12:04:50.000Z;952
2017-01-05T12:09:50.000Z;957
2017-01-05T12:14:51.000Z;955
2017-01-05T12:19:50.000Z;952
2017-01-05T12:24:50.000Z;961
2017-01-05T12:29:50.000Z;946
2017-01-05T12:34:51.000Z;960
2017-01-05T12:39:51.000Z;957
2017-01-05T12:44:51.000Z;965
2017-01-05T12:49:50.000Z;968
2017-01-05T12:55:00.000Z;960
2017-01-05T12:59:50.000Z;879
2017-01-05T13:04:50.000Z;956
2017-01-05T13:09:50.000Z;943
2017-01-05T13:14:51.000Z;961
2017-01-05T13:24:53.000Z;963
2017-01-05T13:29:50.000Z;960
2017-01-05T13:34:51.000Z;959
2017-01-05T13:39:50.000Z;954
2017-01-05T13:44:51.000Z;967
2017-01-05T13:50:15.000Z;956
2017-01-05T13:54:50.000Z;957
2017-01-05T13:59:50.000Z;959
2017-01-05T14:04:50.000Z;964
2017-01-05T14:09:50.000Z;958
2017-01-05T14:14:50.000Z;967
2017-01-05T14:19:49.000Z;960
2017-01-05T14:24:50.000Z;972
2017-01-05T14:29:50.000Z;934
2017-01-05T14:34:51.000Z;847
2017-01-05T14:40:23.000Z;959
2017-01-05T14:44:50.000Z;969
2017-01-05T14:49:50.000Z;958
2017-01-05T14:55:03.000Z;917
2017-01-05T14:59:50.000Z;960
2017-01-05T15:04:50.000Z;967
2017-01-05T15:09:50.000Z;947
2017-01-05T15:14:53.000Z;952
2017-01-05T15:19:51.000Z;969
2017-01-05T15:24:50.000Z;930
2017-01-05T15:29:50.000Z;954
2017-01-05T15:34:50.000Z;967
2017-01-05T15:39:08.000Z;969
2017-01-05T15:43:52.000Z;956
2017-01-05T15:48:52.000Z;958
2017-01-05T15:53:51.000Z;957
2017-01-05T16:00:09.000Z;951
2017-01-05T16:04:51.000Z;954
2017-01-05T16:09:50.000Z;949
2017-01-05T16:14:50.000Z;962
2017-01-05T16:19:50.000Z;951
2017-01-05T16:24:51.000Z;951
2017-01-05T16:29:50.000Z;963
2017-01-05T16:35:16.000Z;839
2017-01-05T16:39:50.000Z;959
2017-01-05T16:45:06.000Z;960
2017-01-05T16:49:50.000Z;954
2017-01-05T16:55:16.000Z;955
2017-01-05T16:59:50.000Z;941
2017-01-05T17:05:04.000Z;906
2017-01-05T17:09:50.000Z;958
2017-01-05T17:16:26.000Z;945
2017-01-05T17:21:17.000Z;861
2017-01-05T17:26:17.000Z;965
2017-01-05T17:31:26.000Z;958
2017-01-05T17:36:53.000Z;844
2017-01-05T17:41:21.000Z;963
2017-01-05T17:46:18.000Z;907
2017-01-05T17:51:21.000Z;947
2017-01-05T17:54:51.000Z;965
2017-01-05T17:59:50.000Z;961
2017-01-05T18:05:06.000Z;958
2017-01-05T18:09:50.000Z;963
2017-01-05T18:15:02.000Z;971
2017-01-05T18:20:02.000Z;953
2017-01-05T18:24:50.000Z;958
2017-01-05T18:30:01.000Z;961
2017-01-05T18:34:54.000Z;965
2017-01-05T18:39:50.000Z;956
2017-01-05T18:44:58.000Z;962
2017-01-05T18:49:50.000Z;957
2017-01-05T18:55:34.000Z;814
2017-01-05T18:59:53.000Z;966
2017-01-05T19:04:53.000Z;959
2017-01-05T19:10:00.000Z;940
2017-01-05T19:14:54.000Z;956
2017-01-05T19:19:50.000Z;965
2017-01-05T19:24:57.000Z;962
2017-01-05T19:29:52.000Z;966
2017-01-05T19:35:31.000Z;826
2017-01-05T19:41:01.000Z;969
2017-01-05T19:44:51.000Z;968
2017-01-05T19:49:50.000Z;967
2017-01-05T19:54:59.000Z;962
2017-01-05T20:00:20.000Z;963
2017-01-05T20:04:56.000Z;874
2017-01-05T20:09:50.000Z;960
2017-01-05T20:14:49.000Z;958
2017-01-05T20:19:59.000Z;963
2017-01-05T20:24:50.000Z;964
2017-01-05T20:30:09.000Z;965
2017-01-05T20:35:14.000Z;958
2017-01-05T20:39:50.000Z;960
2017-01-05T20:44:50.000Z;959
2017-01-05T20:50:33.000Z;962
2017-01-05T20:57:20.000Z;956
2017-01-05T21:01:31.000Z;957
2017-01-05T21:06:37.000Z;968
2017-01-05T21:11:30.000Z;955
2017-01-05T21:16:39.000Z;955
2017-01-05T21:21:31.000Z;963
2017-01-05T21:26:35.000Z;956
2017-01-05T21:31:32.000Z;948
2017-01-05T21:36:37.000Z;963
2017-01-05T21:41:30.000Z;962
2017-01-05T21:46:31.000Z;966
2017-01-05T21:51:42.000Z;952
2017-01-05T21:56:43.000Z;812
2017-01-05T22:01:31.000Z;965
2017-01-05T22:06:37.000Z;965
2017-01-05T22:11:31.000Z;960
2017-01-05T22:16:31.000Z;961
2017-01-05T22:21:31.000Z;967
2017-01-05T22:26:50.000Z;944
2017-01-05T22:31:31.000Z;961
2017-01-05T22:36:41.000Z;970
2017-01-05T22:41:30.000Z;961
2017-01-05T22:46:30.000Z;966
2017-01-05T22:51:31.000Z;972
2017-01-05T22:56:43.000Z;917
2017-01-05T23:01:31.000Z;956
2017-01-05T23:06:42.000Z;959
2017-01-05T23:11:31.000Z;964
2017-01-05T23:16:34.000Z;969
2017-01-05T23:21:31.000Z;963
2017-01-05T23:26:31.000Z;928
2017-01-05T23:31:35.000Z;950
2017-01-05T23:36:33.000Z;822
2017-01-05T23:41:31.000Z;954
2017-01-05T23:46:32.000Z;958
2017-01-05T23:51:31.000Z;954
2017-01-05T23:56:40.000Z;966
2017-01-06T00:01:38.000Z;957
2017-01-06T00:06:49.000Z;958
2017-01-06T00:11:31.000Z;967
2017-01-06T00:16:47.000Z;846
2017-01-06T00:21:31.000Z;962
2017-01-06T00:26:31.000Z;957
2017-01-06T00:31:31.000Z;957
2017-01-06T00:36:43.000Z;963
2017-01-06T00:41:31.000Z;963
2017-01-06T00:46:31.000Z;930
2017-01-06T00:51:31.000Z;956
2017-01-06T00:56:33.000Z;963
2017-01-06T01:01:31.000Z;958
2017-01-06T01:06:39.000Z;960
2017-01-06T01:11:31.000Z;959
2017-01-06T01:16:38.000Z;960
2017-01-06T01:21:37.000Z;970
2017-01-06T01:26:31.000Z;962
2017-01-06T01:31:31.000Z;960
2017-01-06T01:35:28.000Z;963
2017-01-06T01:40:26.000Z;974
2017-01-06T01:45:26.000Z;973
2017-01-06T01:50:37.000Z;954
2017-01-06T01:55:27.000Z;961
2017-01-06T02:00:35.000Z;958
2017-01-06T02:05:36.000Z;960
2017-01-06T02:10:32.000Z;967
2017-01-06T02:15:27.000Z;912
2017-01-06T02:20:34.000Z;965
2017-01-06T02:25:37.000Z;964
2017-01-06T02:31:04.000Z;967
2017-01-06T02:35:27.000Z;973
2017-01-06T02:40:37.000Z;966
2017-01-06T02:45:26.000Z;967
2017-01-06T02:50:33.000Z;962
2017-01-06T02:55:26.000Z;969
2017-01-06T03:00:45.000Z;959
2017-01-06T03:05:27.000Z;968
2017-01-06T03:10:35.000Z;971
2017-01-06T03:15:30.000Z;961
2017-01-06T03:20:44.000Z;962
2017-01-06T03:25:26.000Z;962
2017-01-06T03:30:34.000Z;963
2017-01-06T03:35:28.000Z;969
2017-01-06T03:40:46.000Z;956
2017-01-06T03:45:26.000Z;963
2017-01-06T03:50:45.000Z;966
2017-01-06T03:55:28.000Z;844
2017-01-06T04:00:43.000Z;931
2017-01-06T04:05:26.000Z;966
2017-01-06T04:10:33.000Z;969
2017-01-06T04:15:28.000Z;899
2017-01-06T04:20:44.000Z;966
2017-01-06T04:25:26.000Z;960
2017-01-06T04:30:44.000Z;973
2017-01-06T04:35:33.000Z;864
2017-01-06T04:40:35.000Z;965
2017-01-06T04:45:26.000Z;962
2017-01-06T04:50:33.000Z;964
2017-01-06T04:55:27.000Z;959
2017-01-06T05:00:30.000Z;910
2017-01-06T05:05:26.000Z;966
2017-01-06T05:10:34.000Z;967
2017-01-06T05:15:25.000Z;849
2017-01-06T05:20:36.000Z;964
2017-01-06T05:25:26.000Z;959
2017-01-06T05:30:36.000Z;961
2017-01-06T05:35:26.000Z;967
2017-01-06T05:40:32.000Z;971
2017-01-06T05:45:29.000Z;962
2017-01-06T05:50:26.000Z;965
2017-01-06T05:55:26.000Z;964
2017-01-06T06:00:31.000Z;967
2017-01-06T06:05:26.000Z;971
2017-01-06T06:10:34.000Z;966
2017-01-06T06:15:29.000Z;960
2017-01-06T06:20:31.000Z;974
2017-01-06T06:25:26.000Z;970
2017-01-06T06:30:33.000Z;917
2017-01-06T06:35:26.000Z;966
2017-01-06T06:40:35.000Z;960
2017-01-06T06:45:34.000Z;963
2017-01-06T06:50:48.000Z;962
2017-01-06T06:55:31.000Z;937
2017-01-06T07:00:30.000Z;960
2017-01-06T07:05:26.000Z;950
2017-01-06T07:10:36.000Z;956
2017-01-06T07:15:26.000Z;934
2017-01-06T07:20:42.000Z;958
2017-01-06T07:25:26.000Z;952
2017-01-06T07:30:30.000Z;947
2017-01-06T07:35:26.000Z;959
2017-01-06T07:45:26.000Z;956
2017-01-06T07:50:39.000Z;966
2017-01-06T07:55:27.000Z;956
2017-01-06T08:00:27.000Z;916
2017-01-06T08:05:27.000Z;962
2017-01-06T08:10:34.000Z;965
2017-01-06T08:15:28.000Z;963
2017-01-06T08:20:42.000Z;965
2017-01-06T08:25:34.000Z;917
2017-01-06T08:30:35.000Z;958
2017-01-06T08:35:28.000Z;956
2017-01-06T08:40:29.000Z;962
2017-01-06T08:45:28.000Z;960
2017-01-06T08:50:28.000Z;961
2017-01-06T08:55:30.000Z;966
2017-01-06T09:00:35.000Z;961
2017-01-06T09:05:33.000Z;972
2017-01-06T09:10:31.000Z;964
2017-01-06T09:15:26.000Z;845
2017-01-06T09:20:37.000Z;960
2017-01-06T09:25:25.000Z;959
2017-01-06T09:30:25.000Z;956
2017-01-06T09:35:33.000Z;955
2017-01-06T09:40:35.000Z;813
2017-01-06T09:45:26.000Z;967
2017-01-06T09:50:31.000Z;958
2017-01-06T09:55:34.000Z;844
2017-01-06T10:00:31.000Z;963
2017-01-06T10:05:26.000Z;964
2017-01-06T10:10:28.000Z;952
2017-01-06T10:15:26.000Z;959
2017-01-06T10:20:31.000Z;872
2017-01-06T10:25:26.000Z;967
2017-01-06T10:30:35.000Z;964
2017-01-06T10:35:28.000Z;852
2017-01-06T10:40:26.000Z;960
2017-01-06T10:45:26.000Z;965
2017-01-06T10:50:29.000Z;956
2017-01-06T10:55:27.000Z;880
2017-01-06T11:00:26.000Z;917
2017-01-06T11:05:26.000Z;960
2017-01-06T11:10:37.000Z;964
2017-01-06T11:15:28.000Z;963
2017-01-06T11:20:35.000Z;957
2017-01-06T11:25:27.000Z;955
2017-01-06T11:30:31.000Z;964
2017-01-06T11:35:26.000Z;850
2017-01-06T11:40:36.000Z;956
2017-01-06T11:45:26.000Z;957
2017-01-06T11:50:39.000Z;951
2017-01-06T11:55:26.000Z;954
2017-01-06T12:00:32.000Z;948
2017-01-06T12:05:26.000Z;945
2017-01-06T12:10:38.000Z;971
2017-01-06T12:20:28.000Z;844
2017-01-06T12:25:26.000Z;963
2017-01-06T12:30:35.000Z;966
2017-01-06T12:35:26.000Z;961
2017-01-06T12:40:52.000Z;945
2017-01-06T12:45:26.000Z;961
2017-01-06T12:50:35.000Z;970
2017-01-06T12:55:26.000Z;965
2017-01-06T13:00:48.000Z;962
2017-01-06T13:05:26.000Z;967
2017-01-06T13:10:37.000Z;966
2017-01-06T13:15:26.000Z;968
2017-01-06T13:20:56.000Z;957
2017-01-06T13:25:26.000Z;966
2017-01-06T13:30:32.000Z;970
2017-01-06T13:35:31.000Z;961
2017-01-06T13:40:26.000Z;958
2017-01-06T13:45:27.000Z;923
2017-01-06T13:50:38.000Z;967
2017-01-06T13:55:39.000Z;933
2017-01-06T14:00:33.000Z;958
2017-01-06T14:05:26.000Z;969
2017-01-06T14:10:33.000Z;929
2017-01-06T14:15:28.000Z;951
2017-01-06T14:20:39.000Z;958
2017-01-06T14:25:26.000Z;957
2017-01-06T14:30:41.000Z;963
2017-01-06T14:35:26.000Z;837
2017-01-06T14:40:42.000Z;932
2017-01-06T14:45:27.000Z;953
2017-01-06T14:50:48.000Z;966
2017-01-06T14:55:41.000Z;966
2017-01-06T15:00:44.000Z;970
2017-01-06T15:05:26.000Z;964
2017-01-06T15:10:26.000Z;971
2017-01-06T15:15:28.000Z;958
2017-01-06T15:20:47.000Z;963
2017-01-06T15:25:26.000Z;965
2017-01-06T15:30:34.000Z;961
2017-01-06T15:35:26.000Z;963
2017-01-06T15:41:07.000Z;965
2017-01-06T15:45:27.000Z;958
2017-01-06T15:50:34.000Z;961
2017-01-06T15:55:36.000Z;971
2017-01-06T16:00:36.000Z;961
2017-01-06T16:05:27.000Z;957
2017-01-06T16:10:41.000Z;935
2017-01-06T16:15:26.000Z;865
2017-01-06T16:20:50.000Z;972
2017-01-06T16:25:25.000Z;960
2017-01-06T16:30:27.000Z;961
2017-01-06T16:35:29.000Z;957
2017-01-06T16:40:46.000Z;955
2017-01-06T16:45:26.000Z;962
2017-01-06T16:50:34.000Z;961
2017-01-06T16:56:21.000Z;963
2017-01-06T17:00:32.000Z;961
2017-01-06T17:05:27.000Z;963
2017-01-06T17:10:35.000Z;949
2017-01-06T17:15:27.000Z;960
2017-01-06T17:20:45.000Z;967
2017-01-06T17:25:26.000Z;962
2017-01-06T17:30:33.000Z;962
2017-01-06T17:35:26.000Z;924
2017-01-06T17:40:34.000Z;966
2017-01-06T17:45:26.000Z;959
2017-01-06T17:50:34.000Z;966
2017-01-06T17:55:38.000Z;962
2017-01-06T18:00:45.000Z;967
2017-01-06T18:05:26.000Z;967
2017-01-06T18:10:31.000Z;958
2017-01-06T18:15:30.000Z;961
2017-01-06T18:20:42.000Z;964
2017-01-06T18:25:26.000Z;910
2017-01-06T18:31:18.000Z;968
2017-01-06T18:35:26.000Z;913
2017-01-06T18:40:33.000Z;963
2017-01-06T18:46:00.000Z;972
2017-01-06T18:50:26.000Z;957
2017-01-06T18:55:27.000Z;852
2017-01-06T19:01:00.000Z;960
2017-01-06T19:05:26.000Z;967
2017-01-06T19:10:49.000Z;966
2017-01-06T19:15:30.000Z;965
2017-01-06T19:20:26.000Z;968
2017-01-06T19:25:25.000Z;966
2017-01-06T19:30:36.000Z;969
2017-01-06T19:35:46.000Z;960
2017-01-06T19:40:28.000Z;955
2017-01-06T19:45:26.000Z;967
2017-01-06T19:50:57.000Z;966
2017-01-06T19:55:38.000Z;962
2017-01-06T20:00:47.000Z;959
2017-01-06T20:05:26.000Z;964
2017-01-06T20:10:32.000Z;944
2017-01-06T20:15:28.000Z;968
2017-01-06T20:20:33.000Z;963
2017-01-06T20:25:26.000Z;964
2017-01-06T20:30:51.000Z;968
2017-01-06T20:35:29.000Z;967
2017-01-06T20:41:02.000Z;965
2017-01-06T20:45:40.000Z;967
2017-01-06T20:50:46.000Z;967
2017-01-06T20:55:38.000Z;976
2017-01-06T21:00:42.000Z;960
2017-01-06T21:10:36.000Z;966
2017-01-06T21:15:31.000Z;968
2017-01-06T21:20:39.000Z;967
2017-01-06T21:25:38.000Z;961
2017-01-06T21:31:35.000Z;969
2017-01-06T21:35:26.000Z;962
2017-01-06T21:40:39.000Z;839
2017-01-06T21:45:26.000Z;969
2017-01-06T21:50:53.000Z;959
2017-01-06T21:55:32.000Z;952
2017-01-06T22:00:51.000Z;950
2017-01-06T22:05:27.000Z;949
2017-01-06T22:10:35.000Z;957
2017-01-06T22:15:25.000Z;962
2017-01-06T22:20:46.000Z;826
2017-01-06T22:25:26.000Z;955
2017-01-06T22:30:32.000Z;913
2017-01-06T22:35:26.000Z;962
2017-01-06T22:40:43.000Z;961
2017-01-06T22:45:26.000Z;935
2017-01-06T22:50:47.000Z;961
2017-01-06T22:55:30.000Z;960
2017-01-06T23:00:47.000Z;863
2017-01-06T23:05:39.000Z;959
2017-01-06T23:10:31.000Z;959
2017-01-06T23:15:28.000Z;967
2017-01-06T23:20:32.000Z;965
2017-01-06T23:25:35.000Z;961
2017-01-06T23:30:33.000Z;911
2017-01-06T23:35:28.000Z;961
2017-01-06T23:40:47.000Z;967
2017-01-06T23:45:26.000Z;967
2017-01-06T23:50:37.000Z;962
2017-01-06T23:55:26.000Z;843
2017-01-07T00:00:39.000Z;899
2017-01-07T00:05:26.000Z;964
2017-01-07T00:10:51.000Z;963
2017-01-07T00:15:26.000Z;963
2017-01-07T00:20:35.000Z;849
2017-01-07T00:25:26.000Z;949
2017-01-07T00:30:43.000Z;966
2017-01-07T00:35:29.000Z;963
2017-01-07T00:40:36.000Z;957
2017-01-07T00:45:26.000Z;966
2017-01-07T00:50:39.000Z;966
2017-01-07T00:55:26.000Z;921
2017-01-07T01:00:31.000Z;961
2017-01-07T01:05:36.000Z;961
2017-01-07T01:15:26.000Z;966
2017-01-07T01:20:34.000Z;958
2017-01-07T01:25:25.000Z;962
2017-01-07T01:30:30.000Z;960
2017-01-07T01:35:33.000Z;967
2017-01-07T01:40:36.000Z;914
2017-01-07T01:45:26.000Z;957
2017-01-07T01:50:44.000Z;967
2017-01-07T01:55:26.000Z;795
2017-01-07T02:00:34.000Z;966
2017-01-07T02:05:25.000Z;962
2017-01-07T02:10:32.000Z;961
2017-01-07T02:15:34.000Z;969
2017-01-07T02:20:43.000Z;967
2017-01-07T02:25:26.000Z;963
2017-01-07T02:30:43.000Z;966
2017-01-07T02:35:27.000Z;962
2017-01-07T02:40:35.000Z;942
2017-01-07T02:45:36.000Z;934
2017-01-07T02:50:27.000Z;968
2017-01-07T02:55:26.000Z;845
2017-01-07T03:00:30.000Z;966
2017-01-07T03:05:26.000Z;971
2017-01-07T03:10:29.000Z;963
2017-01-07T03:25:26.000Z;964
2017-01-07T03:30:51.000Z;955
2017-01-07T03:40:31.000Z;961
2017-01-07T03:45:26.000Z;965
2017-01-07T03:50:27.000Z;969
2017-01-07T03:55:25.000Z;962
2017-01-07T04:00:27.000Z;955
2017-01-07T04:05:26.000Z;964
2017-01-07T04:10:40.000Z;960
2017-01-07T04:15:28.000Z;853
2017-01-07T04:20:26.000Z;968
2017-01-07T04:25:26.000Z;955
2017-01-07T04:30:26.000Z;970
2017-01-07T04:35:26.000Z;964
2017-01-07T04:40:38.000Z;966
2017-01-07T04:45:26.000Z;970
2017-01-07T04:50:40.000Z;953
2017-01-07T04:55:26.000Z;963
2017-01-07T05:00:33.000Z;967
2017-01-07T05:05:26.000Z;955
2017-01-07T05:10:31.000Z;973
2017-01-07T05:15:26.000Z;961
2017-01-07T05:20:26.000Z;974
2017-01-07T05:25:26.000Z;967
2017-01-07T05:30:26.000Z;955
2017-01-07T05:35:36.000Z;956
2017-01-07T05:40:34.000Z;967
2017-01-07T05:45:35.000Z;955
2017-01-07T05:50:32.000Z;955
2017-01-07T05:55:26.000Z;961
2017-01-07T06:00:37.000Z;960
2017-01-07T06:05:26.000Z;962
2017-01-07T06:10:32.000Z;962
2017-01-07T06:15:30.000Z;907
2017-01-07T06:20:35.000Z;964
2017-01-07T06:25:26.000Z;958
2017-01-07T06:30:31.000Z;963
2017-01-07T06:35:26.000Z;965
2017-01-07T06:40:27.000Z;963
2017-01-07T06:45:26.000Z;962
2017-01-07T06:50:44.000Z;969
2017-01-07T06:55:26.000Z;962
2017-01-07T07:00:33.000Z;971
2017-01-07T07:05:26.000Z;951
2017-01-07T07:10:33.000Z;965
2017-01-07T07:15:26.000Z;966
2017-01-07T07:20:32.000Z;964
2017-01-07T07:25:26.000Z;970
2017-01-07T07:30:32.000Z;968
2017-01-07T07:35:26.000Z;968
2017-01-07T07:40:26.000Z;854
2017-01-07T07:45:26.000Z;961
2017-01-07T07:50:26.000Z;962
2017-01-07T07:55:26.000Z;956
2017-01-07T08:00:26.000Z;971
2017-01-07T08:05:26.000Z;959
2017-01-07T08:10:26.000Z;968
2017-01-07T08:15:37.000Z;967
2017-01-07T08:20:26.000Z;962
2017-01-07T08:25:26.000Z;963
2017-01-07T08:30:36.000Z;967
2017-01-07T08:35:26.000Z;853
2017-01-07T08:40:36.000Z;970
2017-01-07T08:45:26.000Z;966
2017-01-07T08:50:33.000Z;970
2017-01-07T08:55:26.000Z;965
2017-01-07T09:00:30.000Z;842
2017-01-07T09:05:26.000Z;970
2017-01-07T09:10:38.000Z;969
2017-01-07T09:15:26.000Z;961
2017-01-07T09:20:31.000Z;968
2017-01-07T09:25:26.000Z;967
2017-01-07T09:30:44.000Z;964
2017-01-07T09:35:26.000Z;964
2017-01-07T09:40:28.000Z;848
2017-01-07T09:45:26.000Z;962
2017-01-07T09:50:31.000Z;972
2017-01-07T09:55:25.000Z;961
2017-01-07T10:00:27.000Z;963
2017-01-07T10:05:26.000Z;964
2017-01-07T10:10:32.000Z;962
2017-01-07T10:15:25.000Z;960
2017-01-07T10:20:26.000Z;962
2017-01-07T10:25:34.000Z;968
2017-01-07T10:30:28.000Z;962
2017-01-07T10:35:26.000Z;929
2017-01-07T10:40:34.000Z;965
2017-01-07T10:45:26.000Z;966
2017-01-07T10:50:34.000Z;965
2017-01-07T10:55:26.000Z;853
2017-01-07T11:00:36.000Z;959
2017-01-07T11:05:36.000Z;865
2017-01-07T11:10:35.000Z;965
2017-01-07T11:15:28.000Z;966
2017-01-07T11:20:27.000Z;966
2017-01-07T11:25:26.000Z;959
2017-01-07T11:30:31.000Z;962
2017-01-07T11:35:25.000Z;968
2017-01-07T11:40:27.000Z;961
2017-01-07T11:45:26.000Z;963
2017-01-07T11:50:35.000Z;965
2017-01-07T11:55:26.000Z;961
2017-01-07T12:00:32.000Z;965
2017-01-07T12:10:28.000Z;964
2017-01-07T12:15:30.000Z;961
2017-01-07T12:20:26.000Z;964
2017-01-07T12:25:26.000Z;963
2017-01-07T12:30:37.000Z;961
2017-01-07T12:35:26.000Z;965
2017-01-07T12:40:40.000Z;961
2017-01-07T12:45:27.000Z;962
2017-01-07T12:50:29.000Z;964
2017-01-07T12:55:26.000Z;965
2017-01-07T13:00:45.000Z;963
2017-01-07T13:05:35.000Z;964
2017-01-07T13:10:39.000Z;954
2017-01-07T13:15:26.000Z;961
2017-01-07T13:20:47.000Z;921
2017-01-07T13:25:36.000Z;954
2017-01-07T13:31:01.000Z;958
2017-01-07T13:35:33.000Z;961
2017-01-07T13:40:38.000Z;959
2017-01-07T13:45:27.000Z;966
2017-01-07T13:50:35.000Z;963
2017-01-07T13:55:27.000Z;846
2017-01-07T14:00:42.000Z;961
2017-01-07T14:10:36.000Z;961
2017-01-07T14:15:27.000Z;853
2017-01-07T14:20:26.000Z;965
2017-01-07T14:25:26.000Z;968
2017-01-07T14:30:36.000Z;971
2017-01-07T14:35:26.000Z;968
2017-01-07T14:40:36.000Z;964
2017-01-07T14:45:38.000Z;946
2017-01-07T14:50:26.000Z;978
2017-01-07T14:55:30.000Z;961
2017-01-07T15:00:36.000Z;969
2017-01-07T15:05:27.000Z;945
2017-01-07T15:10:56.000Z;945
2017-01-07T15:15:26.000Z;847
2017-01-07T15:21:02.000Z;961
2017-01-07T15:25:29.000Z;949
2017-01-07T15:30:38.000Z;956
2017-01-07T15:35:41.000Z;966
2017-01-07T15:40:26.000Z;962
2017-01-07T15:45:26.000Z;962
2017-01-07T15:50:43.000Z;960
2017-01-07T15:55:31.000Z;965
2017-01-07T16:00:39.000Z;972
2017-01-07T16:05:38.000Z;961
2017-01-07T16:10:26.000Z;925
2017-01-07T16:15:39.000Z;967
2017-01-07T16:20:36.000Z;962
2017-01-07T16:25:26.000Z;965
2017-01-07T16:31:04.000Z;967
2017-01-07T16:35:31.000Z;849
2017-01-07T16:40:41.000Z;966
2017-01-07T16:45:26.000Z;966
2017-01-07T16:50:29.000Z;963
2017-01-07T16:55:26.000Z;898
2017-01-07T17:00:39.000Z;970
2017-01-07T17:05:26.000Z;959
2017-01-07T17:10:56.000Z;960
2017-01-07T17:15:39.000Z;862
2017-01-07T17:20:32.000Z;966
2017-01-07T17:30:29.000Z;971
2017-01-07T17:35:27.000Z;957
2017-01-07T17:40:49.000Z;849
2017-01-07T17:45:26.000Z;965
2017-01-07T17:50:30.000Z;956
2017-01-07T17:55:37.000Z;880
2017-01-07T18:00:32.000Z;965
2017-01-07T18:05:36.000Z;965
2017-01-07T18:10:31.000Z;958
2017-01-07T18:15:32.000Z;956
2017-01-07T18:20:27.000Z;851
2017-01-07T18:25:26.000Z;960
2017-01-07T18:30:26.000Z;961
2017-01-07T18:35:44.000Z;963
2017-01-07T18:40:27.000Z;962
2017-01-07T18:45:26.000Z;963
2017-01-07T18:51:12.000Z;933
2017-01-07T18:55:33.000Z;886
2017-01-07T19:00:30.000Z;959
2017-01-07T19:05:26.000Z;960
2017-01-07T19:10:37.000Z;960
2017-01-07T19:15:39.000Z;969
2017-01-07T19:20:54.000Z;968
2017-01-07T19:25:26.000Z;960
2017-01-07T19:30:50.000Z;971
2017-01-07T19:35:26.000Z;959
2017-01-07T19:40:27.000Z;933
2017-01-07T19:45:37.000Z;963
2017-01-07T19:50:46.000Z;966
2017-01-07T19:55:50.000Z;973
2017-01-07T20:00:45.000Z;960
2017-01-07T20:05:26.000Z;962
2017-01-07T20:11:02.000Z;957
2017-01-07T20:15:26.000Z;950
2017-01-07T20:20:35.000Z;958
2017-01-07T20:25:26.000Z;961
2017-01-07T20:30:26.000Z;969
2017-01-07T20:35:37.000Z;850
2017-01-07T20:40:32.000Z;961
2017-01-07T20:45:36.000Z;964
2017-01-07T20:50:35.000Z;960
2017-01-07T20:55:26.000Z;960
2017-01-07T21:00:37.000Z;955
2017-01-07T21:05:25.000Z;944
2017-01-07T21:10:35.000Z;940
2017-01-07T21:15:43.000Z;939
2017-01-07T21:20:40.000Z;962
2017-01-07T21:25:26.000Z;965
2017-01-07T21:30:27.000Z;961
2017-01-07T21:35:26.000Z;962
2017-01-07T21:40:37.000Z;961
2017-01-07T21:45:27.000Z;963
2017-01-07T21:50:38.000Z;960
2017-01-07T22:00:31.000Z;959
2017-01-07T22:05:27.000Z;939
2017-01-07T22:10:30.000Z;962
2017-01-07T22:15:36.000Z;967
2017-01-07T22:25:26.000Z;969
2017-01-07T22:30:26.000Z;968
2017-01-07T22:35:26.000Z;960
2017-01-07T22:40:38.000Z;960
2017-01-07T22:45:27.000Z;964
2017-01-07T22:50:30.000Z;963
2017-01-07T22:55:39.000Z;970
2017-01-07T23:00:35.000Z;963
2017-01-07T23:05:25.000Z;954
2017-01-07T23:10:26.000Z;960
2017-01-07T23:15:26.000Z;970
2017-01-07T23:20:33.000Z;969
2017-01-07T23:25:36.000Z;969
2017-01-07T23:30:26.000Z;957
2017-01-07T23:35:27.000Z;938
2017-01-07T23:40:26.000Z;851
2017-01-07T23:45:26.000Z;964
2017-01-07T23:50:26.000Z;965
2017-01-07T23:55:26.000Z;961
2017-01-08T00:00:42.000Z;963
2017-01-08T00:05:26.000Z;961
2017-01-08T00:10:32.000Z;963
2017-01-08T00:15:27.000Z;844
2017-01-08T00:20:31.000Z;964
2017-01-08T00:25:26.000Z;967
2017-01-08T00:35:26.000Z;893
2017-01-08T00:40:28.000Z;956
2017-01-08T00:45:26.000Z;957
2017-01-08T00:50:26.000Z;970
2017-01-08T00:55:26.000Z;966
2017-01-08T01:00:46.000Z;970
2017-01-08T01:05:27.000Z;963
2017-01-08T01:10:31.000Z;951
2017-01-08T01:15:26.000Z;858
2017-01-08T01:20:36.000Z;946
2017-01-08T01:25:26.000Z;936
2017-01-08T01:30:27.000Z;907
2017-01-08T01:37:18.000Z;963
2017-01-08T01:42:22.000Z;971
2017-01-08T01:47:19.000Z;973
2017-01-08T01:52:45.000Z;972
2017-01-08T01:57:17.000Z;955
2017-01-08T02:02:18.000Z;967
2017-01-08T02:07:18.000Z;972
2017-01-08T02:12:18.000Z;963
2017-01-08T02:17:18.000Z;969
2017-01-08T02:22:25.000Z;967
2017-01-08T02:27:19.000Z;955
2017-01-08T02:32:44.000Z;965
2017-01-08T02:37:18.000Z;962
2017-01-08T02:42:50.000Z;960
2017-01-08T02:47:19.000Z;957
2017-01-08T02:52:22.000Z;972
2017-01-08T02:57:19.000Z;968
2017-01-08T03:02:20.000Z;859
2017-01-08T03:07:18.000Z;967
2017-01-08T03:12:41.000Z;968
2017-01-08T03:17:18.000Z;963
2017-01-08T03:22:20.000Z;966
2017-01-08T03:27:22.000Z;958
2017-01-08T03:32:19.000Z;961
2017-01-08T03:37:18.000Z;849
2017-01-08T03:42:32.000Z;941
2017-01-08T03:47:18.000Z;963
2017-01-08T03:52:22.000Z;967
2017-01-08T03:57:17.000Z;852
2017-01-08T04:02:26.000Z;961
2017-01-08T04:07:23.000Z;961
2017-01-08T04:12:37.000Z;969
2017-01-08T04:17:18.000Z;953
2017-01-08T04:22:21.000Z;962
2017-01-08T04:27:18.000Z;956
2017-01-08T04:32:18.000Z;955
2017-01-08T04:37:18.000Z;956
2017-01-08T04:42:18.000Z;958
2017-01-08T04:47:18.000Z;952
2017-01-08T04:52:17.000Z;961
2017-01-08T04:57:18.000Z;965
2017-01-08T05:02:23.000Z;861
2017-01-08T05:07:18.000Z;969
2017-01-08T05:12:23.000Z;969
2017-01-08T05:17:18.000Z;942
2017-01-08T05:22:20.000Z;974
2017-01-08T05:27:18.000Z;964
2017-01-08T05:32:51.000Z;963
2017-01-08T05:37:18.000Z;971
2017-01-08T05:42:43.000Z;965
2017-01-08T05:47:18.000Z;967
2017-01-08T05:52:19.000Z;967
2017-01-08T05:57:18.000Z;855
2017-01-08T06:03:04.000Z;958
2017-01-08T06:07:24.000Z;966
2017-01-08T06:12:22.000Z;971
2017-01-08T06:17:20.000Z;966
2017-01-08T06:22:18.000Z;965
2017-01-08T06:27:24.000Z;958
2017-01-08T06:32:33.000Z;964
2017-01-08T06:37:17.000Z;964
2017-01-08T06:42:18.000Z;963
2017-01-08T06:47:18.000Z;964
2017-01-08T06:52:37.000Z;960
2017-01-08T06:57:19.000Z;966
2017-01-08T07:02:18.000Z;847
2017-01-08T07:07:18.000Z;965
2017-01-08T07:12:18.000Z;958
2017-01-08T07:17:18.000Z;961
2017-01-08T07:22:24.000Z;959
2017-01-08T07:27:26.000Z;960
2017-01-08T07:32:36.000Z;957
2017-01-08T07:37:19.000Z;964
2017-01-08T07:42:27.000Z;960
2017-01-08T07:47:18.000Z;970
2017-01-08T07:52:28.000Z;958
2017-01-08T07:57:18.000Z;964
2017-01-08T08:02:38.000Z;962
2017-01-08T08:07:24.000Z;965
2017-01-08T08:12:32.000Z;962
2017-01-08T08:17:18.000Z;968
2017-01-08T08:22:22.000Z;846
2017-01-08T08:27:19.000Z;969
2017-01-08T08:32:30.000Z;959
2017-01-08T08:37:17.000Z;962
2017-01-08T08:42:18.000Z;956
2017-01-08T08:47:25.000Z;963
2017-01-08T08:52:26.000Z;967
2017-01-08T08:57:21.000Z;887
2017-01-08T09:02:25.000Z;970
2017-01-08T09:07:20.000Z;964
2017-01-08T09:12:24.000Z;964
2017-01-08T09:17:19.000Z;969
2017-01-08T09:22:30.000Z;960
2017-01-08T09:27:22.000Z;959
2017-01-08T09:32:18.000Z;965
2017-01-08T09:37:19.000Z;962
2017-01-08T09:42:21.000Z;964
2017-01-08T09:47:22.000Z;964
2017-01-08T09:52:25.000Z;960
2017-01-08T09:57:21.000Z;847
2017-01-08T10:02:33.000Z;970
2017-01-08T10:07:22.000Z;971
2017-01-08T10:12:33.000Z;964
2017-01-08T10:17:17.000Z;965
2017-01-08T10:22:23.000Z;850
2017-01-08T10:27:18.000Z;965
2017-01-08T10:32:37.000Z;972
2017-01-08T10:37:18.000Z;953
2017-01-08T10:42:21.000Z;966
2017-01-08T10:47:22.000Z;966
2017-01-08T10:52:38.000Z;963
2017-01-08T10:57:18.000Z;967
2017-01-08T11:02:18.000Z;964
2017-01-08T11:07:18.000Z;963
2017-01-08T11:12:18.000Z;965
2017-01-08T11:17:22.000Z;851
2017-01-08T11:22:24.000Z;972
2017-01-08T11:27:18.000Z;965
2017-01-08T11:32:37.000Z;968
2017-01-08T11:37:17.000Z;967
2017-01-08T11:42:18.000Z;853
2017-01-08T11:47:22.000Z;969
2017-01-08T11:52:31.000Z;964
2017-01-08T11:57:18.000Z;927
2017-01-08T12:02:31.000Z;962
2017-01-08T12:07:29.000Z;960
2017-01-08T12:12:31.000Z;958
2017-01-08T12:17:18.000Z;959
2017-01-08T12:22:46.000Z;962
2017-01-08T12:27:17.000Z;957
2017-01-08T12:32:27.000Z;967
2017-01-08T12:37:18.000Z;844
2017-01-08T12:42:19.000Z;958
2017-01-08T12:47:19.000Z;969
2017-01-08T12:52:42.000Z;963
2017-01-08T12:57:18.000Z;967
2017-01-08T13:02:31.000Z;967
2017-01-08T13:07:19.000Z;955
2017-01-08T13:12:51.000Z;966
2017-01-08T13:17:21.000Z;965
2017-01-08T13:22:18.000Z;957
2017-01-08T13:27:20.000Z;963
2017-01-08T13:32:33.000Z;966
2017-01-08T13:37:23.000Z;963
2017-01-08T13:42:23.000Z;963
2017-01-08T13:47:30.000Z;965
2017-01-08T13:52:24.000Z;965
2017-01-08T13:57:18.000Z;960
2017-01-08T14:02:34.000Z;962
2017-01-08T14:07:27.000Z;963
2017-01-08T14:12:23.000Z;973
2017-01-08T14:17:21.000Z;970
2017-01-08T14:22:21.000Z;958
2017-01-08T14:27:24.000Z;964
2017-01-08T14:32:28.000Z;963
2017-01-08T14:37:18.000Z;976
2017-01-08T14:42:31.000Z;967
2017-01-08T14:47:23.000Z;962
2017-01-08T14:52:43.000Z;961
2017-01-08T14:57:18.000Z;955
2017-01-08T15:03:10.000Z;960
2017-01-08T15:07:18.000Z;961
2017-01-08T15:12:46.000Z;969
2017-01-08T15:17:18.000Z;849
2017-01-08T15:22:25.000Z;965
2017-01-08T15:27:18.000Z;954
2017-01-08T15:32:47.000Z;966
2017-01-08T15:37:18.000Z;960
2017-01-08T15:42:38.000Z;965
2017-01-08T15:47:27.000Z;962
2017-01-08T15:52:18.000Z;959
2017-01-08T15:57:19.000Z;964
2017-01-08T16:02:24.000Z;956
2017-01-08T16:07:26.000Z;963
2017-01-08T16:12:35.000Z;963
2017-01-08T16:17:18.000Z;965
2017-01-08T16:27:17.000Z;964
2017-01-08T16:32:38.000Z;964
2017-01-08T16:37:17.000Z;964
2017-01-08T16:42:32.000Z;955
2017-01-08T16:47:18.000Z;962
2017-01-08T16:52:44.000Z;963
2017-01-08T16:57:17.000Z;959
2017-01-08T17:02:29.000Z;959
2017-01-08T17:07:18.000Z;961
2017-01-08T17:12:36.000Z;965
2017-01-08T17:22:55.000Z;957
2017-01-08T17:27:18.000Z;967
2017-01-08T17:32:32.000Z;965
2017-01-08T17:37:18.000Z;966
2017-01-08T17:42:18.000Z;963
2017-01-08T17:47:19.000Z;939
2017-01-08T17:52:41.000Z;964
2017-01-08T17:57:18.000Z;846
2017-01-08T18:02:58.000Z;971
2017-01-08T18:07:21.000Z;941
2017-01-08T18:12:31.000Z;956
2017-01-08T18:17:19.000Z;959
2017-01-08T18:22:57.000Z;958
2017-01-08T18:27:18.000Z;958
2017-01-08T18:32:35.000Z;954
2017-01-08T18:37:18.000Z;852
2017-01-08T18:42:50.000Z;945
2017-01-08T18:47:22.000Z;968
2017-01-08T18:52:35.000Z;950
2017-01-08T18:57:20.000Z;957
2017-01-08T19:02:18.000Z;952
2017-01-08T19:07:19.000Z;960
2017-01-08T19:12:28.000Z;961
2017-01-08T19:17:21.000Z;957
2017-01-08T19:22:37.000Z;948
2017-01-08T19:27:19.000Z;957
2017-01-08T19:32:18.000Z;952
2017-01-08T19:37:19.000Z;962
2017-01-08T19:42:21.000Z;948
2017-01-08T19:47:22.000Z;960
2017-01-08T19:52:47.000Z;970
2017-01-08T19:57:17.000Z;952
2017-01-08T20:02:22.000Z;957
2017-01-08T20:07:19.000Z;956
2017-01-08T20:12:51.000Z;953
2017-01-08T20:17:18.000Z;844
2017-01-08T20:22:32.000Z;960
2017-01-08T20:27:24.000Z;966
2017-01-08T20:32:33.000Z;947
2017-01-08T20:37:23.000Z;956
2017-01-08T20:42:40.000Z;963
2017-01-08T20:47:27.000Z;930
2017-01-08T20:52:39.000Z;962
2017-01-08T20:57:17.000Z;961
2017-01-08T21:02:57.000Z;966
2017-01-08T21:07:18.000Z;962
2017-01-08T21:12:38.000Z;960
2017-01-08T21:17:20.000Z;959
2017-01-08T21:22:32.000Z;964
2017-01-08T21:27:22.000Z;956
2017-01-08T21:32:47.000Z;960
2017-01-08T21:37:18.000Z;972
2017-01-08T21:42:28.000Z;851
2017-01-08T21:47:27.000Z;967
2017-01-08T21:52:33.000Z;963
2017-01-08T21:57:19.000Z;958
2017-01-08T22:02:40.000Z;958
2017-01-08T22:07:19.000Z;960
2017-01-08T22:12:18.000Z;963
2017-01-08T22:17:20.000Z;957
2017-01-08T22:22:39.000Z;960
2017-01-08T22:27:32.000Z;954
2017-01-08T22:32:37.000Z;965
2017-01-08T22:37:18.000Z;969
2017-01-08T22:42:28.000Z;959
2017-01-08T22:47:18.000Z;959
2017-01-08T22:52:33.000Z;959
2017-01-08T22:57:18.000Z;951
2017-01-08T23:02:32.000Z;845
2017-01-08T23:07:18.000Z;962
2017-01-08T23:12:26.000Z;973
2017-01-08T23:17:18.000Z;969
2017-01-08T23:27:17.000Z;956
2017-01-08T23:32:23.000Z;957
2017-01-08T23:37:18.000Z;836
2017-01-08T23:42:21.000Z;961
2017-01-08T23:47:25.000Z;968
2017-01-08T23:52:40.000Z;961
2017-01-08T23:57:22.000Z;846
2017-01-09T00:02:39.000Z;960
2017-01-09T00:07:17.000Z;962
2017-01-09T00:12:30.000Z;945
2017-01-09T00:17:19.000Z;954
2017-01-09T00:22:19.000Z;961
2017-01-09T00:27:28.000Z;957
2017-01-09T00:32:41.000Z;961
2017-01-09T00:37:18.000Z;958
2017-01-09T00:47:29.000Z;964
2017-01-09T00:52:32.000Z;946
2017-01-09T00:57:18.000Z;959
2017-01-09T01:02:44.000Z;959
2017-01-09T01:07:18.000Z;962
2017-01-09T01:12:19.000Z;964
2017-01-09T01:17:18.000Z;849
2017-01-09T01:22:36.000Z;965
2017-01-09T01:27:22.000Z;969
2017-01-09T01:32:43.000Z;971
2017-01-09T01:35:27.000Z;971
2017-01-09T01:40:40.000Z;966
2017-01-09T01:45:26.000Z;967
2017-01-09T01:50:33.000Z;964
2017-01-09T01:55:27.000Z;956
2017-01-09T02:00:37.000Z;963
2017-01-09T02:05:26.000Z;967
2017-01-09T02:10:29.000Z;961
2017-01-09T02:15:27.000Z;957
2017-01-09T02:20:37.000Z;966
2017-01-09T02:25:26.000Z;964
2017-01-09T02:30:35.000Z;959
2017-01-09T02:35:26.000Z;969
2017-01-09T02:40:39.000Z;956
2017-01-09T02:45:26.000Z;957
2017-01-09T02:50:45.000Z;960
2017-01-09T02:55:39.000Z;952
2017-01-09T03:00:34.000Z;945
2017-01-09T03:05:26.000Z;959
2017-01-09T03:10:51.000Z;959
2017-01-09T03:15:36.000Z;959
2017-01-09T03:20:32.000Z;922
2017-01-09T03:25:26.000Z;963
2017-01-09T03:30:32.000Z;964
2017-01-09T03:35:39.000Z;849
2017-01-09T03:40:34.000Z;963
2017-01-09T03:45:26.000Z;966
2017-01-09T03:50:36.000Z;965
2017-01-09T03:55:26.000Z;958
2017-01-09T04:00:29.000Z;970
2017-01-09T04:05:26.000Z;956
2017-01-09T04:10:36.000Z;966
2017-01-09T04:15:26.000Z;846
2017-01-09T04:20:32.000Z;965
2017-01-09T04:25:26.000Z;966
2017-01-09T04:30:35.000Z;965
2017-01-09T04:35:25.000Z;963
2017-01-09T04:40:31.000Z;914
2017-01-09T04:45:26.000Z;964
2017-01-09T04:50:32.000Z;961
2017-01-09T04:55:36.000Z;964
2017-01-09T05:00:29.000Z;960
2017-01-09T05:05:26.000Z;963
2017-01-09T05:10:34.000Z;964
2017-01-09T05:15:26.000Z;960
2017-01-09T05:20:27.000Z;933
2017-01-09T05:25:26.000Z;971
2017-01-09T05:30:28.000Z;966
2017-01-09T05:35:27.000Z;959
2017-01-09T05:40:43.000Z;852
2017-01-09T05:45:25.000Z;925
2017-01-09T05:50:32.000Z;921
2017-01-09T05:55:27.000Z;910
2017-01-09T06:00:26.000Z;962
2017-01-09T06:05:26.000Z;973
2017-01-09T06:10:39.000Z;975
2017-01-09T06:15:26.000Z;954
2017-01-09T06:20:33.000Z;951
2017-01-09T06:25:26.000Z;960
2017-01-09T06:30:26.000Z;939
2017-01-09T06:35:26.000Z;962
2017-01-09T06:40:26.000Z;960
2017-01-09T06:45:26.000Z;958
2017-01-09T06:50:38.000Z;957
2017-01-09T06:55:28.000Z;962
2017-01-09T07:00:28.000Z;964
2017-01-09T07:05:34.000Z;963
2017-01-09T07:10:31.000Z;969
2017-01-09T07:15:26.000Z;968
2017-01-09T07:20:37.000Z;966
2017-01-09T07:25:26.000Z;966
2017-01-09T07:30:40.000Z;959
2017-01-09T07:35:26.000Z;952
2017-01-09T07:40:37.000Z;919
2017-01-09T07:45:26.000Z;959
2017-01-09T07:50:26.000Z;963
2017-01-09T07:55:26.000Z;967
2017-01-09T08:00:31.000Z;963
2017-01-09T08:05:41.000Z;957
2017-01-09T08:10:27.000Z;965
2017-01-09T08:15:26.000Z;960
2017-01-09T08:20:26.000Z;960
2017-01-09T08:25:28.000Z;966
2017-01-09T08:30:29.000Z;961
2017-01-09T08:35:37.000Z;963
2017-01-09T08:40:31.000Z;959
2017-01-09T09:00:27.000Z;959
2017-01-09T09:05:31.000Z;971
2017-01-09T09:10:33.000Z;913
2017-01-09T09:15:26.000Z;924
2017-01-09T09:20:35.000Z;955
2017-01-09T09:25:26.000Z;957
2017-01-09T09:30:28.000Z;958
2017-01-09T09:35:25.000Z;960
2017-01-09T09:40:26.000Z;866
2017-01-09T09:45:26.000Z;962
2017-01-09T09:50:34.000Z;955
2017-01-09T09:55:26.000Z;961
2017-01-09T10:00:32.000Z;944
2017-01-09T10:05:25.000Z;971
2017-01-09T10:10:34.000Z;962
2017-01-09T10:15:36.000Z;952
2017-01-09T10:20:32.000Z;954
2017-01-09T10:25:28.000Z;892
2017-01-09T10:30:32.000Z;955
2017-01-09T10:35:26.000Z;953
2017-01-09T10:40:29.000Z;950
2017-01-09T10:45:33.000Z;951
2017-01-09T10:50:39.000Z;950
2017-01-09T10:55:41.000Z;960
2017-01-09T11:00:35.000Z;858
2017-01-09T11:05:26.000Z;956
2017-01-09T11:10:39.000Z;961
2017-01-09T11:15:26.000Z;970
2017-01-09T11:20:40.000Z;867
2017-01-09T11:25:37.000Z;961
2017-01-09T11:30:32.000Z;958
2017-01-09T11:35:26.000Z;850
2017-01-09T11:40:37.000Z;856
2017-01-09T11:45:27.000Z;955
2017-01-09T11:50:26.000Z;967
2017-01-09T11:55:32.000Z;849
2017-01-09T12:00:31.000Z;957
2017-01-09T12:05:31.000Z;965
2017-01-09T12:10:36.000Z;968
2017-01-09T12:15:26.000Z;959
2017-01-09T12:20:50.000Z;965
2017-01-09T12:25:26.000Z;959
2017-01-09T12:30:29.000Z;959
2017-01-09T12:35:26.000Z;961
2017-01-09T12:40:37.000Z;919
2017-01-09T12:45:26.000Z;944
2017-01-09T12:50:32.000Z;906
2017-01-09T12:55:27.000Z;893
2017-01-09T13:00:40.000Z;963
2017-01-09T13:05:26.000Z;957
2017-01-09T13:10:34.000Z;958
2017-01-09T13:15:27.000Z;973
2017-01-09T13:20:26.000Z;967
2017-01-09T13:25:32.000Z;964
2017-01-09T13:30:33.000Z;966
2017-01-09T13:35:26.000Z;961
2017-01-09T13:40:44.000Z;958
2017-01-09T13:45:27.000Z;960
2017-01-09T13:50:57.000Z;961
2017-01-09T13:55:26.000Z;959
2017-01-09T14:00:33.000Z;964
2017-01-09T14:05:40.000Z;958
2017-01-09T14:10:35.000Z;960
2017-01-09T14:15:25.000Z;956
2017-01-09T14:20:55.000Z;956
2017-01-09T14:25:26.000Z;941
2017-01-09T14:30:44.000Z;966
2017-01-09T14:35:42.000Z;890
2017-01-09T14:40:38.000Z;959
2017-01-09T14:45:41.000Z;962
2017-01-09T14:50:54.000Z;963
2017-01-09T14:55:26.000Z;964
2017-01-09T15:00:54.000Z;938
2017-01-09T15:05:27.000Z;854
2017-01-09T15:10:27.000Z;968
2017-01-09T15:15:34.000Z;874
2017-01-09T15:21:00.000Z;962
2017-01-09T15:25:26.000Z;960
2017-01-09T15:30:26.000Z;959
2017-01-09T15:35:26.000Z;959
2017-01-09T15:40:36.000Z;918
2017-01-09T15:45:26.000Z;955
2017-01-09T15:50:33.000Z;960
2017-01-09T15:55:42.000Z;934
2017-01-09T16:00:31.000Z;963
2017-01-09T16:05:26.000Z;960
2017-01-09T16:10:36.000Z;960
2017-01-09T16:15:48.000Z;951
2017-01-09T16:20:52.000Z;848
2017-01-09T16:25:26.000Z;959
2017-01-09T16:30:31.000Z;968
2017-01-09T16:35:53.000Z;957
2017-01-09T16:40:32.000Z;958
2017-01-09T16:45:26.000Z;963
2017-01-09T16:50:37.000Z;957
2017-01-09T17:00:34.000Z;967
2017-01-09T17:05:26.000Z;966
2017-01-09T17:10:42.000Z;957
2017-01-09T17:15:26.000Z;912
2017-01-09T17:21:02.000Z;963
2017-01-09T17:25:26.000Z;925
2017-01-09T17:30:54.000Z;967
2017-01-09T17:35:26.000Z;901
2017-01-09T17:40:49.000Z;969
2017-01-09T17:45:25.000Z;958
2017-01-09T17:51:05.000Z;968
2017-01-09T17:55:27.000Z;895
2017-01-09T18:01:04.000Z;963
2017-01-09T18:05:28.000Z;959
2017-01-09T18:10:32.000Z;960
2017-01-09T18:15:31.000Z;948
2017-01-09T18:20:27.000Z;962
2017-01-09T18:25:26.000Z;966
2017-01-09T18:30:53.000Z;944
2017-01-09T18:35:30.000Z;961
2017-01-09T18:40:50.000Z;958
2017-01-09T18:45:26.000Z;952
2017-01-09T18:50:47.000Z;963
2017-01-09T18:55:45.000Z;880
2017-01-09T19:00:44.000Z;964
2017-01-09T19:05:26.000Z;971
2017-01-09T19:10:38.000Z;959
2017-01-09T19:15:39.000Z;879
2017-01-09T19:20:48.000Z;963
2017-01-09T19:25:26.000Z;964
2017-01-09T19:30:48.000Z;963
2017-01-09T19:35:32.000Z;854
2017-01-09T19:40:50.000Z;964
2017-01-09T19:45:26.000Z;969
2017-01-09T19:50:31.000Z;969
2017-01-09T19:55:27.000Z;848
2017-01-09T20:00:39.000Z;964
2017-01-09T20:10:36.000Z;950
2017-01-09T20:16:10.000Z;962
2017-01-09T20:20:40.000Z;890
2017-01-09T20:25:26.000Z;969
2017-01-09T20:30:47.000Z;969
2017-01-09T20:35:26.000Z;962
2017-01-09T20:40:50.000Z;967
2017-01-09T20:45:40.000Z;960
2017-01-09T20:50:32.000Z;963
2017-01-09T20:55:26.000Z;960
2017-01-09T21:00:42.000Z;942
2017-01-09T21:05:26.000Z;959
2017-01-09T21:10:53.000Z;897
2017-01-09T21:15:29.000Z;853
2017-01-09T21:20:51.000Z;961
2017-01-09T21:25:26.000Z;966
2017-01-09T21:30:45.000Z;966
2017-01-09T21:35:26.000Z;962
2017-01-09T21:40:50.000Z;957
2017-01-09T21:45:25.000Z;970
2017-01-09T21:50:27.000Z;974
2017-01-09T21:55:26.000Z;957
2017-01-09T22:00:30.000Z;962
2017-01-09T22:05:26.000Z;956
2017-01-09T22:10:34.000Z;900
2017-01-09T22:15:41.000Z;964
2017-01-09T22:20:59.000Z;963
2017-01-09T22:25:26.000Z;952
2017-01-09T22:30:35.000Z;967
2017-01-09T22:35:25.000Z;965
2017-01-09T22:40:33.000Z;909
2017-01-09T22:45:26.000Z;974
2017-01-09T22:50:33.000Z;956
2017-01-09T22:55:26.000Z;870
2017-01-09T23:00:38.000Z;974
2017-01-09T23:05:26.000Z;964
2017-01-09T23:10:31.000Z;965
2017-01-09T23:15:25.000Z;961
2017-01-09T23:20:38.000Z;974
2017-01-09T23:25:26.000Z;957
2017-01-09T23:30:33.000Z;964
2017-01-09T23:35:27.000Z;963
2017-01-09T23:40:32.000Z;964
2017-01-09T23:50:28.000Z;970
2017-01-09T23:55:25.000Z;959
2017-01-10T00:00:32.000Z;962
2017-01-10T00:05:26.000Z;958
2017-01-10T00:10:57.000Z;910
2017-01-10T00:15:44.000Z;854
2017-01-10T00:20:33.000Z;962
2017-01-10T00:25:37.000Z;964
2017-01-10T00:30:27.000Z;953
2017-01-10T00:35:37.000Z;964
2017-01-10T00:40:32.000Z;951
2017-01-10T00:45:25.000Z;962
2017-01-10T00:50:34.000Z;960
2017-01-10T00:55:26.000Z;855
2017-01-10T01:00:26.000Z;963
2017-01-10T01:05:28.000Z;964
2017-01-10T01:10:29.000Z;962
2017-01-10T01:15:26.000Z;972
2017-01-10T01:20:41.000Z;965
2017-01-10T01:25:26.000Z;940
2017-01-10T01:30:26.000Z;970
2017-01-10T01:36:31.000Z;964
2017-01-10T01:41:31.000Z;962
2017-01-10T01:46:40.000Z;964
2017-01-10T01:51:36.000Z;953
2017-01-10T01:56:38.000Z;963
2017-01-10T02:01:32.000Z;958
2017-01-10T02:06:31.000Z;952
2017-01-10T02:11:35.000Z;964
2017-01-10T02:16:38.000Z;953
2017-01-10T02:21:31.000Z;962
2017-01-10T02:26:31.000Z;961
2017-01-10T02:31:32.000Z;960
2017-01-10T02:36:32.000Z;969
2017-01-10T02:41:36.000Z;972
2017-01-10T02:46:32.000Z;967
2017-01-10T02:51:45.000Z;966
2017-01-10T03:01:30.000Z;969
2017-01-10T03:06:31.000Z;957
2017-01-10T03:11:33.000Z;966
2017-01-10T03:16:33.000Z;970
2017-01-10T03:21:43.000Z;961
2017-01-10T03:26:51.000Z;967
2017-01-10T03:32:03.000Z;964
2017-01-10T03:36:53.000Z;973
2017-01-10T03:41:31.000Z;965
2017-01-10T03:47:10.000Z;969
2017-01-10T03:51:31.000Z;956
2017-01-10T03:56:35.000Z;968
2017-01-10T04:01:31.000Z;966
2017-01-10T04:07:29.000Z;916
2017-01-10T04:11:35.000Z;965
2017-01-10T04:16:43.000Z;970
2017-01-10T04:21:31.000Z;970
2017-01-10T04:26:51.000Z;962
2017-01-10T04:31:31.000Z;964
2017-01-10T04:36:41.000Z;966
2017-01-10T04:42:35.000Z;919
2017-01-10T04:47:18.000Z;960
2017-01-10T04:52:22.000Z;961
2017-01-10T04:57:17.000Z;961
2017-01-10T05:02:24.000Z;954
2017-01-10T05:07:20.000Z;926
2017-01-10T05:12:21.000Z;965
2017-01-10T05:17:18.000Z;962
2017-01-10T05:22:21.000Z;960
2017-01-10T05:27:18.000Z;966
2017-01-10T05:32:19.000Z;968
2017-01-10T05:37:18.000Z;970
2017-01-10T05:42:19.000Z;951
2017-01-10T05:47:17.000Z;964
2017-01-10T05:52:36.000Z;969
2017-01-10T05:57:20.000Z;962
2017-01-10T06:02:20.000Z;964
2017-01-10T06:07:18.000Z;965
2017-01-10T06:12:19.000Z;970
2017-01-10T06:17:18.000Z;960
2017-01-10T06:22:20.000Z;968
2017-01-10T06:27:18.000Z;956
2017-01-10T06:32:20.000Z;970
2017-01-10T06:37:18.000Z;964
2017-01-10T06:42:23.000Z;965
2017-01-10T06:47:19.000Z;964
2017-01-10T06:52:18.000Z;952
2017-01-10T06:57:18.000Z;962
2017-01-10T07:02:36.000Z;917
2017-01-10T07:07:32.000Z;964
2017-01-10T07:12:17.000Z;968
2017-01-10T07:17:18.000Z;961
2017-01-10T07:22:38.000Z;963
2017-01-10T07:27:18.000Z;962
2017-01-10T07:32:18.000Z;938
2017-01-10T07:37:20.000Z;957
2017-01-10T07:42:19.000Z;958
2017-01-10T07:47:17.000Z;963
2017-01-10T07:52:25.000Z;967
2017-01-10T07:57:20.000Z;932
2017-01-10T08:02:20.000Z;925
2017-01-10T08:07:18.000Z;960
2017-01-10T08:12:18.000Z;960
2017-01-10T08:17:18.000Z;970
2017-01-10T08:22:33.000Z;976
2017-01-10T08:27:22.000Z;888
2017-01-10T08:32:19.000Z;962
2017-01-10T08:37:18.000Z;965
2017-01-10T08:42:18.000Z;956
2017-01-10T08:47:21.000Z;960
2017-01-10T08:52:37.000Z;964
2017-01-10T08:57:19.000Z;852
2017-01-10T09:02:20.000Z;975
2017-01-10T09:07:20.000Z;964
2017-01-10T09:12:19.000Z;964
2017-01-10T09:17:18.000Z;964
2017-01-10T09:22:18.000Z;955
2017-01-10T09:27:18.000Z;957
2017-01-10T09:32:33.000Z;960
2017-01-10T09:37:18.000Z;950
2017-01-10T09:42:27.000Z;951
2017-01-10T09:47:22.000Z;958
2017-01-10T09:52:18.000Z;961
2017-01-10T09:57:18.000Z;956
2017-01-10T10:02:18.000Z;959
2017-01-10T10:07:23.000Z;956
2017-01-10T10:12:28.000Z;964
2017-01-10T10:17:19.000Z;962
2017-01-10T10:22:24.000Z;959
2017-01-10T10:27:18.000Z;967
2017-01-10T10:32:18.000Z;867
2017-01-10T10:37:18.000Z;958
2017-01-10T10:42:24.000Z;965
2017-01-10T10:47:18.000Z;964
2017-01-10T10:52:38.000Z;972
2017-01-10T10:57:18.000Z;957
2017-01-10T11:02:38.000Z;967
2017-01-10T11:07:18.000Z;909
2017-01-10T11:13:13.000Z;953
2017-01-10T11:17:18.000Z;961
2017-01-10T11:22:18.000Z;953
2017-01-10T11:28:09.000Z;958
2017-01-10T11:33:04.000Z;953
2017-01-10T11:37:18.000Z;969
2017-01-10T11:42:18.000Z;960
2017-01-10T11:47:19.000Z;970
2017-01-10T11:53:03.000Z;945
2017-01-10T11:57:18.000Z;968
2017-01-10T12:02:29.000Z;954
2017-01-10T12:07:19.000Z;968
2017-01-10T12:12:20.000Z;957
2017-01-10T12:17:19.000Z;965
2017-01-10T12:22:19.000Z;951
2017-01-10T12:27:21.000Z;874
2017-01-10T12:32:19.000Z;924
2017-01-10T12:37:18.000Z;963
2017-01-10T12:42:19.000Z;963
2017-01-10T12:47:20.000Z;964
2017-01-10T12:52:36.000Z;964
2017-01-10T12:57:21.000Z;966
2017-01-10T13:02:20.000Z;966
2017-01-10T13:07:30.000Z;963
2017-01-10T13:12:18.000Z;952
2017-01-10T13:17:18.000Z;957
2017-01-10T13:22:19.000Z;957
2017-01-10T13:27:23.000Z;966
2017-01-10T13:32:39.000Z;956
2017-01-10T13:37:18.000Z;961
2017-01-10T13:42:19.000Z;965
2017-01-10T13:47:18.000Z;965
2017-01-10T13:52:33.000Z;958
2017-01-10T13:57:18.000Z;959
2017-01-10T14:02:25.000Z;961
2017-01-10T14:07:19.000Z;958
2017-01-10T14:12:21.000Z;958
2017-01-10T14:17:18.000Z;911
2017-01-10T14:22:38.000Z;963
2017-01-10T14:27:24.000Z;937
2017-01-10T14:32:41.000Z;942
2017-01-10T14:37:18.000Z;966
2017-01-10T14:42:21.000Z;961
2017-01-10T14:47:20.000Z;949
2017-01-10T14:52:20.000Z;955
2017-01-10T14:57:18.000Z;970
2017-01-10T15:02:42.000Z;968
2017-01-10T15:07:24.000Z;950
2017-01-10T15:12:46.000Z;957
2017-01-10T15:17:18.000Z;969
2017-01-10T15:22:36.000Z;958
