time;value
2015-01-01 01:00:01;133796675
2015-01-01 01:00:02;135367949
2015-01-01 01:00:03;136312541
2015-01-01 01:00:04;136780839
2015-01-01 01:00:05;139085330
2015-01-01 01:00:06;138017057
2015-01-01 01:00:07;138768562
2015-01-01 01:00:08;139907797
2015-01-01 01:00:09;139795604
2015-01-01 01:00:10;141343204
2015-01-01 01:00:11;142171056
2015-01-01 01:00:12;144610962
2015-01-01 01:00:13;145106424
2015-01-01 01:00:14;144915790
2015-01-01 01:00:15;146070307
2015-01-01 01:00:16;145572948
2015-01-01 01:00:17;145851719
2015-01-01 01:00:18;145323405
2015-01-01 01:00:19;147107187
2015-01-01 01:00:20;146473823
2015-01-01 01:00:21;145840459
2015-01-01 01:00:22;145207095
2015-01-01 01:00:23;148709791
2015-01-01 01:00:24;148256634
2015-01-01 01:00:25;147370693
2015-01-01 01:00:26;146593068
2015-01-01 01:00:27;147175203
2015-01-01 01:00:28;146573681
2015-01-01 01:00:29;146840978
2015-01-01 01:00:30;146900776
2015-01-01 01:00:31;146427275
2015-01-01 01:00:32;148052391
2015-01-01 01:00:33;146645397
2015-01-01 01:00:34;147052893
2015-01-01 01:00:35;147690131
2015-01-01 01:00:36;146222161
2015-01-01 01:00:37;145482947
2015-01-01 01:00:38;145032887
2015-01-01 01:00:39;144582827
2015-01-01 01:00:40;143978661
2015-01-01 01:00:41;143689698
2015-01-01 01:00:42;143623678
2015-01-01 01:00:43;142163183
2015-01-01 01:00:44;142959871
2015-01-01 01:00:45;142497856
2015-01-01 01:00:46;142068080
2015-01-01 01:00:47;141747160
2015-01-01 01:00:48;143444779
2015-01-01 01:00:49;144505784
2015-01-01 01:00:50;141627415
2015-01-01 01:00:51;142555805
2015-01-01 01:00:52;140811241
2015-01-01 01:00:53;141145269
2015-01-01 01:00:54;140813210
2015-01-01 01:00:55;139639971
2015-01-01 01:00:56;139981063
2015-01-01 01:00:57;140314146
2015-01-01 01:00:58;138264859
2015-01-01 01:00:59;138700557
2015-01-01 01:01:00;139717107
2015-01-01 01:01:01;138384803
2015-01-01 01:01:02;138064933
2015-01-01 01:01:03;139774001
2015-01-01 01:01:04;138561644
2015-01-01 01:01:05;138584329
2015-01-01 01:01:06;139490174
2015-01-01 01:01:07;138755187
2015-01-01 01:01:08;140131665
2015-01-01 01:01:09;138986131
2015-01-01 01:01:10;139317144
2015-01-01 01:01:11;139407921
2015-01-01 01:01:12;139265929
2015-01-01 01:01:13;139318785
2015-01-01 01:01:14;137955781
2015-01-01 01:01:15;138767713
2015-01-01 01:01:16;137962794
2015-01-01 01:01:17;138322073
2015-01-01 01:01:18;138772423
2015-01-01 01:01:19;137674855
2015-01-01 01:01:20;138154221
2015-01-01 01:01:21;138633587
2015-01-01 01:01:22;137705653
2015-01-01 01:01:23;138122085
2015-01-01 01:01:24;139351338
2015-01-01 01:01:25;139251346
2015-01-01 01:01:26;138644557
2015-01-01 01:01:27;138954325
2015-01-01 01:01:28;137650842
2015-01-01 01:01:29;137856473
2015-01-01 01:01:30;138130566
2015-01-01 01:01:31;138584457
2015-01-01 01:01:32;138137930
2015-01-01 01:01:33;136326119
2015-01-01 01:01:34;136128587
2015-01-01 01:01:35;137275689
2015-01-01 01:01:36;136758944
2015-01-01 01:01:37;136122673
2015-01-01 01:01:38;136805090
2015-01-01 01:01:39;135965248
2015-01-01 01:01:40;134386007
2015-01-01 01:01:41;136115756
2015-01-01 01:01:42;133911422
2015-01-01 01:01:43;134146403
2015-01-01 01:01:44;133230762
2015-01-01 01:01:45;132374980
2015-01-01 01:01:46;131061032
2015-01-01 01:01:47;129612610
2015-01-01 01:01:48;129537362
2015-01-01 01:01:49;130009724
2015-01-01 01:01:50;128198552
2015-01-01 01:01:51;127667140
2015-01-01 01:01:52;125455665
2015-01-01 01:01:53;126503115
2015-01-01 01:01:54;124531362
2015-01-01 01:01:55;124553596
2015-01-01 01:01:56;123843054
2015-01-01 01:01:57;122994747
2015-01-01 01:01:58;120590977
2015-01-01 01:01:59;120959636
2015-01-01 01:02:00;121255419
2015-01-01 01:02:01;120193104
2015-01-01 01:02:02;119682569
2015-01-01 01:02:03;119017209
2015-01-01 01:02:04;117040768
2015-01-01 01:02:05;117225996
2015-01-01 01:02:06;116431417
2015-01-01 01:02:07;116020044
2015-01-01 01:02:08;117643571
2015-01-01 01:02:09;116573716
2015-01-01 01:02:10;115867482
2015-01-01 01:02:11;115076340
2015-01-01 01:02:12;117796476
2015-01-01 01:02:13;118039020
2015-01-01 01:02:14;118281564
2015-01-01 01:02:15;117101189
2015-01-01 01:02:16;117412714
2015-01-01 01:02:17;116978632
2015-01-01 01:02:18;116566969
2015-01-01 01:02:19;115960750
2015-01-01 01:02:20;116642257
2015-01-01 01:02:21;116869683
2015-01-01 01:02:22;116261476
2015-01-01 01:02:23;116203824
2015-01-01 01:02:24;118505208
2015-01-01 01:02:25;118402503
2015-01-01 01:02:26;117420190
2015-01-01 01:02:27;119118790
2015-01-01 01:02:28;118068066
2015-01-01 01:02:29;117887925
2015-01-01 01:02:30;117798836
2015-01-01 01:02:31;117291206
2015-01-01 01:02:32;118495693
2015-01-01 01:02:33;117328447
2015-01-01 01:02:34;116346947
2015-01-01 01:02:35;116979392
2015-01-01 01:02:36;116645848
2015-01-01 01:02:37;116830115
2015-01-01 01:02:38;117052110
2015-01-01 01:02:39;116487620
2015-01-01 01:02:40;116213041
2015-01-01 01:02:41;115710076
2015-01-01 01:02:42;115688700
2015-01-01 01:02:43;115130485
2015-01-01 01:02:44;115016384
2015-01-01 01:02:45;113393821
2015-01-01 01:02:46;113876777
2015-01-01 01:02:47;113133671
2015-01-01 01:02:48;112808740
2015-01-01 01:02:49;112916653
2015-01-01 01:02:50;112543687
2015-01-01 01:02:51;113650393
2015-01-01 01:02:52;111410092
2015-01-01 01:02:53;111493775
2015-01-01 01:02:54;110663964
2015-01-01 01:02:55;110518754
2015-01-01 01:02:56;108517308
2015-01-01 01:02:57;108252341
2015-01-01 01:02:58;106662617
2015-01-01 01:02:59;105194916
2015-01-01 01:03:00;107627408
2015-01-01 01:03:01;106780932
2015-01-01 01:03:02;105636494
2015-01-01 01:03:03;105592297
2015-01-01 01:03:04;104233435
2015-01-01 01:03:05;103687102
2015-01-01 01:03:06;102678066
2015-01-01 01:03:07;101755572
2015-01-01 01:03:08;100738071
2015-01-01 01:03:09;99758867
2015-01-01 01:03:10;98513535
2015-01-01 01:03:11;97919259
2015-01-01 01:03:12;99736242
2015-01-01 01:03:13;99235170
2015-01-01 01:03:14;98779458
2015-01-01 01:03:15;98199853
2015-01-01 01:03:16;97846269
2015-01-01 01:03:17;98305292
2015-01-01 01:03:18;97247273
2015-01-01 01:03:19;96624741
2015-01-01 01:03:20;96788750
2015-01-01 01:03:21;96051445
2015-01-01 01:03:22;95749334
2015-01-01 01:03:23;95447223
2015-01-01 01:03:24;97227135
2015-01-01 01:03:25;96342241
2015-01-01 01:03:26;95366698
2015-01-01 01:03:27;95818676
2015-01-01 01:03:28;95274729
2015-01-01 01:03:29;95500741
2015-01-01 01:03:30;95726753
2015-01-01 01:03:31;94907477
2015-01-01 01:03:32;95512717
2015-01-01 01:03:33;94865846
2015-01-01 01:03:34;93884187
2015-01-01 01:03:35;93652620
2015-01-01 01:03:36;94668067
2015-01-01 01:03:37;95683514
2015-01-01 01:03:38;95334625
2015-01-01 01:03:39;95596077
2015-01-01 01:03:40;94786138
2015-01-01 01:03:41;95419660
2015-01-01 01:03:42;94880924
2015-01-01 01:03:43;94540405
2015-01-01 01:03:44;94774629
2015-01-01 01:03:45;94369407
2015-01-01 01:03:46;94486666
2015-01-01 01:03:47;94252638
2015-01-01 01:03:48;98263929
2015-01-01 01:03:49;97959470
2015-01-01 01:03:50;97418936
2015-01-01 01:03:51;98193877
2015-01-01 01:03:52;97283541
2015-01-01 01:03:53;97860178
2015-01-01 01:03:54;97397070
2015-01-01 01:03:55;97060478
2015-01-01 01:03:56;96904759
2015-01-01 01:03:57;97318384
2015-01-01 01:03:58;97230346
2015-01-01 01:03:59;97036159
2015-01-01 01:04:00;99449453
2015-01-01 01:04:01;99131288
2015-01-01 01:04:02;98854785
2015-01-01 01:04:03;99016083
2015-01-01 01:04:04;98150885
2015-01-01 01:04:05;98403800
2015-01-01 01:04:06;98737635
2015-01-01 01:04:07;98132964
2015-01-01 01:04:08;99597849
2015-01-01 01:04:09;99069478
2015-01-01 01:04:10;99508734
2015-01-01 01:04:11;99947990
2015-01-01 01:04:12;101277889
2015-01-01 01:04:13;101634025
2015-01-01 01:04:14;100872333
2015-01-01 01:04:15;101526072
2015-01-01 01:04:16;102179811
2015-01-01 01:04:17;102470687
2015-01-01 01:04:18;102708813
2015-01-01 01:04:19;102550240
2015-01-01 01:04:20;103545442.5
2015-01-01 01:04:21;104540645
2015-01-01 01:04:22;104568998
2015-01-01 01:04:23;104989485
2015-01-01 01:04:24;109324130
2015-01-01 01:04:25;108561892
2015-01-01 01:04:26;109364850
2015-01-01 01:04:27;110456992
2015-01-01 01:04:28;110809796
2015-01-01 01:04:29;113325001
2015-01-01 01:04:30;113190528
2015-01-01 01:04:31;113223590
2015-01-01 01:04:32;115877134
2015-01-01 01:04:33;117055077
2015-01-01 01:04:34;117533934
2015-01-01 01:04:35;118065968
2015-01-01 01:04:36;121350281
2015-01-01 01:04:37;120784175
2015-01-01 01:04:38;121763629
2015-01-01 01:04:39;123737912
2015-01-01 01:04:40;125683257
2015-01-01 01:04:41;126230085
2015-01-01 01:04:42;126669243
2015-01-01 01:04:43;126875013
2015-01-01 01:04:44;130123784
2015-01-01 01:04:45;130555881
2015-01-01 01:04:46;131682868
2015-01-01 01:04:47;133691469
2015-01-01 01:04:48;136170219
2015-01-01 01:04:49;135792210
2015-01-01 01:04:50;136543159
2015-01-01 01:04:51;137224750
2015-01-01 01:04:52;137780169
2015-01-01 01:04:53;139463668
2015-01-01 01:04:54;139272624
2015-01-01 01:04:55;140122436
2015-01-01 01:04:56;140855400
2015-01-01 01:04:57;141827901
2015-01-01 01:04:58;141506539
2015-01-01 01:04:59;141992219
2015-01-01 01:05:00;144986477
2015-01-01 01:05:01;144857655
2015-01-01 01:05:02;144576563
2015-01-01 01:05:03;145161243
2015-01-01 01:05:04;145745923
2015-01-01 01:05:05;145706074
2015-01-01 01:05:06;145976310
2015-01-01 01:05:07;146512306
2015-01-01 01:05:08;147580613
2015-01-01 01:05:09;147376153
2015-01-01 01:05:10;147345581
2015-01-01 01:05:11;148402221.5
2015-01-01 01:05:12;149458862
2015-01-01 01:05:13;148874660
2015-01-01 01:05:14;149199846
2015-01-01 01:05:15;149666735
2015-01-01 01:05:16;149101910
2015-01-01 01:05:17;148528889
2015-01-01 01:05:18;148610790
2015-01-01 01:05:19;147838698
2015-01-01 01:05:20;149073654
2015-01-01 01:05:21;148698439
2015-01-01 01:05:22;148287037
2015-01-01 01:05:23;147917819
2015-01-01 01:05:24;149507447
2015-01-01 01:05:25;147954027
2015-01-01 01:05:26;147215959
2015-01-01 01:05:27;147239086
2015-01-01 01:05:28;146617970
2015-01-01 01:05:29;146850565
2015-01-01 01:05:30;143459944
2015-01-01 01:05:31;143058283
2015-01-01 01:05:32;143908293
2015-01-01 01:05:33;143071300.5
2015-01-01 01:05:34;142234308
2015-01-01 01:05:35;141514350
2015-01-01 01:05:36;142856841
2015-01-01 01:05:37;141202519
2015-01-01 01:05:38;141728045
2015-01-01 01:05:39;142253571
2015-01-01 01:05:40;140905899
2015-01-01 01:05:41;140838451
2015-01-01 01:05:42;139661311
2015-01-01 01:05:43;140017669
2015-01-01 01:05:44;139956585
2015-01-01 01:05:45;139757029
2015-01-01 01:05:46;138934557
2015-01-01 01:05:47;138697940
2015-01-01 01:05:48;139159165
2015-01-01 01:05:49;137354767
2015-01-01 01:05:50;138682423
2015-01-01 01:05:51;139487163
2015-01-01 01:05:52;137696782
2015-01-01 01:05:53;137899763
2015-01-01 01:05:54;138374225
2015-01-01 01:05:55;137979940
2015-01-01 01:05:56;138511244
2015-01-01 01:05:57;137564878
2015-01-01 01:05:58;137362922
2015-01-01 01:05:59;137538616
2015-01-01 01:06:00;138052402
2015-01-01 01:06:01;137192821
2015-01-01 01:06:02;136111635
2015-01-01 01:06:03;137203804
2015-01-01 01:06:04;135856619
2015-01-01 01:06:05;137219281
2015-01-01 01:06:06;136906931
2015-01-01 01:06:07;136594581
2015-01-01 01:06:08;137080453
2015-01-01 01:06:09;136863209
2015-01-01 01:06:10;135305665
2015-01-01 01:06:11;136299771
2015-01-01 01:06:12;137727906
2015-01-01 01:06:13;136366550
2015-01-01 01:06:14;136400372
2015-01-01 01:06:15;137373592
2015-01-01 01:06:16;136524370
2015-01-01 01:06:17;136978595
2015-01-01 01:06:18;137216307
2015-01-01 01:06:19;136574876
2015-01-01 01:06:20;138188355
2015-01-01 01:06:21;136761754
2015-01-01 01:06:22;138926701
2015-01-01 01:06:23;137802512
2015-01-01 01:06:24;139808161
2015-01-01 01:06:25;138841436
2015-01-01 01:06:26;138238464
2015-01-01 01:06:27;139335495
2015-01-01 01:06:28;137605059
2015-01-01 01:06:29;138720381
2015-01-01 01:06:30;137533711
2015-01-01 01:06:31;137612516
2015-01-01 01:06:32;135126575
2015-01-01 01:06:33;135036372
2015-01-01 01:06:34;133300516
2015-01-01 01:06:35;130862955
2015-01-01 01:06:36;132680753
2015-01-01 01:06:37;131112635
2015-01-01 01:06:38;130276865
2015-01-01 01:06:39;132204433
2015-01-01 01:06:40;130963531.5
2015-01-01 01:06:41;129722630
2015-01-01 01:06:42;127852354
2015-01-01 01:06:43;127608327
2015-01-01 01:06:44;127364300
2015-01-01 01:06:45;126148502
2015-01-01 01:06:46;123869075
2015-01-01 01:06:47;122055047
2015-01-01 01:06:48;124014680
2015-01-01 01:06:49;122223343
2015-01-01 01:06:50;120388901
2015-01-01 01:06:51;120036436
2015-01-01 01:06:52;116531672
2015-01-01 01:06:53;115593940
2015-01-01 01:06:54;115403895
2015-01-01 01:06:55;113497218
2015-01-01 01:06:56;114722155
2015-01-01 01:06:57;113324116
2015-01-01 01:06:58;112642870
2015-01-01 01:06:59;112191810
2015-01-01 01:07:00;113352460
2015-01-01 01:07:01;114122933
2015-01-01 01:07:02;114174584
2015-01-01 01:07:03;113944001
2015-01-01 01:07:04;112680867
2015-01-01 01:07:05;113698829
2015-01-01 01:07:06;112237218
2015-01-01 01:07:07;112189829
2015-01-01 01:07:08;112841815
2015-01-01 01:07:09;112107206
2015-01-01 01:07:10;111860330
2015-01-01 01:07:11;111614550
2015-01-01 01:07:12;114109335
2015-01-01 01:07:13;111950785
2015-01-01 01:07:14;112484932
2015-01-01 01:07:15;111829087
2015-01-01 01:07:16;110881633
2015-01-01 01:07:17;111850565
2015-01-01 01:07:18;111490709
2015-01-01 01:07:19;110965226
2015-01-01 01:07:20;111655118
2015-01-01 01:07:21;111648227
2015-01-01 01:07:22;111641336
2015-01-01 01:07:23;110694149
2015-01-01 01:07:24;112520098
2015-01-01 01:07:25;111821190
2015-01-01 01:07:26;111908163
2015-01-01 01:07:27;112139623
2015-01-01 01:07:28;110626675
2015-01-01 01:07:29;110737690.5
2015-01-01 01:07:30;110848706
2015-01-01 01:07:31;111049434
2015-01-01 01:07:32;110036637
2015-01-01 01:07:33;109662135
2015-01-01 01:07:34;109566463
2015-01-01 01:07:35;109602927
2015-01-01 01:07:36;111603860
2015-01-01 01:07:37;110617564
2015-01-01 01:07:38;110905577
2015-01-01 01:07:39;111790733
2015-01-01 01:07:40;110367989
2015-01-01 01:07:41;110861060
2015-01-01 01:07:42;110668277
2015-01-01 01:07:43;110275812
2015-01-01 01:07:44;110183100
2015-01-01 01:07:45;108845693
2015-01-01 01:07:46;107971832
2015-01-01 01:07:47;107760557
2015-01-01 01:07:48;107351070
2015-01-01 01:07:49;106632205
2015-01-01 01:07:50;105827678
2015-01-01 01:07:51;106358316
2015-01-01 01:07:52;104962433
2015-01-01 01:07:53;104371748
2015-01-01 01:07:54;103842243
2015-01-01 01:07:55;102999589
2015-01-01 01:07:56;102503568
2015-01-01 01:07:57;101530888
2015-01-01 01:07:58;100544226
2015-01-01 01:07:59;100676790
2015-01-01 01:08:00;101840112.5
2015-01-01 01:08:01;103003435
2015-01-01 01:08:02;101456821
2015-01-01 01:08:03;102302439
2015-01-01 01:08:04;102495691
2015-01-01 01:08:05;101875331.5
2015-01-01 01:08:06;101254972
2015-01-01 01:08:07;100872260
2015-01-01 01:08:08;100306991
2015-01-01 01:08:09;100450096
2015-01-01 01:08:10;99987010
2015-01-01 01:08:11;100003471
2015-01-01 01:08:12;103068112
2015-01-01 01:08:13;102481259
2015-01-01 01:08:14;101175692
2015-01-01 01:08:15;101244597
2015-01-01 01:08:16;100032720
2015-01-01 01:08:17;100638384
2015-01-01 01:08:18;99383819
2015-01-01 01:08:19;99111769
2015-01-01 01:08:20;98653612
2015-01-01 01:08:21;98306086
2015-01-01 01:08:22;97761234
2015-01-01 01:08:23;97614250
2015-01-01 01:08:24;99332430
2015-01-01 01:08:25;99004035
2015-01-01 01:08:26;98374430
2015-01-01 01:08:27;98677843
2015-01-01 01:08:28;97632145
2015-01-01 01:08:29;98382679
2015-01-01 01:08:30;97446735
2015-01-01 01:08:31;97093414
2015-01-01 01:08:32;97487674
2015-01-01 01:08:33;96862659
2015-01-01 01:08:34;96517690
2015-01-01 01:08:35;96300867
2015-01-01 01:08:36;100208720
2015-01-01 01:08:37;100285373
2015-01-01 01:08:38;99641252
2015-01-01 01:08:39;99895222
2015-01-01 01:08:40;99175688
2015-01-01 01:08:41;99354040
2015-01-01 01:08:42;98904674
2015-01-01 01:08:43;98113186
2015-01-01 01:08:44;98115075
2015-01-01 01:08:45;97771979
2015-01-01 01:08:46;98095054
2015-01-01 01:08:47;97850889
2015-01-01 01:08:48;99935327
2015-01-01 01:08:49;99779416
2015-01-01 01:08:50;99761270
2015-01-01 01:08:51;99423701
2015-01-01 01:08:52;99246540
2015-01-01 01:08:53;99919071
2015-01-01 01:08:54;99335736
2015-01-01 01:08:55;99677317
2015-01-01 01:08:56;100151515
2015-01-01 01:08:57;99417171
2015-01-01 01:08:58;99614108
2015-01-01 01:08:59;99658191
2015-01-01 01:09:00;102064536
2015-01-01 01:09:01;101080956
2015-01-01 01:09:02;101268595
2015-01-01 01:09:03;102007136
2015-01-01 01:09:04;101497169
2015-01-01 01:09:05;102189927
2015-01-01 01:09:06;102696392
2015-01-01 01:09:07;102002231
2015-01-01 01:09:08;103847634
2015-01-01 01:09:09;103083617
2015-01-01 01:09:10;103919995
2015-01-01 01:09:11;104179480
2015-01-01 01:09:12;108271388
2015-01-01 01:09:13;108094853
2015-01-01 01:09:14;107918318
2015-01-01 01:09:15;108925037
2015-01-01 01:09:16;109507388
2015-01-01 01:09:17;110701154
2015-01-01 01:09:18;110828842
2015-01-01 01:09:19;110774748
2015-01-01 01:09:20;112411478
2015-01-01 01:09:21;113873977
2015-01-01 01:09:22;113994783
2015-01-01 01:09:23;114648880
2015-01-01 01:09:24;117826806
2015-01-01 01:09:25;118111686
2015-01-01 01:09:26;118516539
2015-01-01 01:09:27;120772875
2015-01-01 01:09:28;121787933
2015-01-01 01:09:29;122802991
2015-01-01 01:09:30;123361546
2015-01-01 01:09:31;123920101
2015-01-01 01:09:32;126013709
2015-01-01 01:09:33;126792788.5
2015-01-01 01:09:34;127571868
2015-01-01 01:09:35;128393704
2015-01-01 01:09:36;131656156
2015-01-01 01:09:37;132593491
2015-01-01 01:09:38;132793963
2015-01-01 01:09:39;134131778
2015-01-01 01:09:40;133632936
2015-01-01 01:09:41;136219736
2015-01-01 01:09:42;136103513
2015-01-01 01:09:43;137155934.5
2015-01-01 01:09:44;138208356
2015-01-01 01:09:45;137538816
2015-01-01 01:09:46;138143747
2015-01-01 01:09:47;138584094
2015-01-01 01:09:48;140921627
2015-01-01 01:09:49;141176799
2015-01-01 01:09:50;141914477
2015-01-01 01:09:51;142783909
2015-01-01 01:09:52;141318230
2015-01-01 01:09:53;142573295
2015-01-01 01:09:54;144126229
2015-01-01 01:09:55;142274101
2015-01-01 01:09:56;143917320
2015-01-01 01:09:57;142995805
2015-01-01 01:09:58;142989738
2015-01-01 01:09:59;143823339.5
2015-01-01 01:10:00;144656941
2015-01-01 01:10:01;143962104
2015-01-01 01:10:02;143731025
2015-01-01 01:10:03;144378951
2015-01-01 01:10:04;143674665
2015-01-01 01:10:05;144014145
2015-01-01 01:10:06;146753508
2015-01-01 01:10:07;145977480
2015-01-01 01:10:08;146320301
2015-01-01 01:10:09;144992511
2015-01-01 01:10:10;144749356.5
2015-01-01 01:10:11;144506202
2015-01-01 01:10:12;145848976
2015-01-01 01:10:13;144571536
2015-01-01 01:10:14;143514342
2015-01-01 01:10:15;143051918.5
2015-01-01 01:10:16;142589495
2015-01-01 01:10:17;143187912
2015-01-01 01:10:18;141774090
2015-01-01 01:10:19;141561752
2015-01-01 01:10:20;142382949
2015-01-01 01:10:21;140525296
2015-01-01 01:10:22;140270833
2015-01-01 01:10:23;140206173.5
2015-01-01 01:10:24;140141514
2015-01-01 01:10:25;139569602
2015-01-01 01:10:26;138360598
2015-01-01 01:10:27;138631645
2015-01-01 01:10:28;136514713
2015-01-01 01:10:29;135730580
2015-01-01 01:10:30;136588079
2015-01-01 01:10:31;135071914
2015-01-01 01:10:32;135503497
2015-01-01 01:10:33;135290469
2015-01-01 01:10:34;135953431
2015-01-01 01:10:35;134572016
2015-01-01 01:10:36;133814560
2015-01-01 01:10:37;134559832
2015-01-01 01:10:38;134114790
2015-01-01 01:10:39;133333319
2015-01-01 01:10:40;133017537
2015-01-01 01:10:41;133355269
2015-01-01 01:10:42;132411443
2015-01-01 01:10:43;130977384
2015-01-01 01:10:44;131266231
2015-01-01 01:10:45;132513731
2015-01-01 01:10:46;130848205
2015-01-01 01:10:47;130044567
2015-01-01 01:10:48;130744696
2015-01-01 01:10:49;131444825
2015-01-01 01:10:50;131013570
2015-01-01 01:10:51;129974294
2015-01-01 01:10:52;130062134
2015-01-01 01:10:53;130149974
2015-01-01 01:10:54;131396368
2015-01-01 01:10:55;130721875
2015-01-01 01:10:56;129937962
2015-01-01 01:10:57;130577838
2015-01-01 01:10:58;129717909
2015-01-01 01:10:59;130241267
2015-01-01 01:11:00;130741775
2015-01-01 01:11:01;130773096
2015-01-01 01:11:02;129496172
2015-01-01 01:11:03;129892538
2015-01-01 01:11:04;128866905
2015-01-01 01:11:05;129594501
2015-01-01 01:11:06;129131682
2015-01-01 01:11:07;127202302
2015-01-01 01:11:08;129171307
2015-01-01 01:11:09;128156036
2015-01-01 01:11:10;128298454
2015-01-01 01:11:11;127596707
2015-01-01 01:11:12;130474858
2015-01-01 01:11:13;129534332
2015-01-01 01:11:14;128887674
2015-01-01 01:11:15;129176239
2015-01-01 01:11:16;126319242
2015-01-01 01:11:17;125961020
2015-01-01 01:11:18;125551263
2015-01-01 01:11:19;125779075
2015-01-01 01:11:20;125255685
2015-01-01 01:11:21;123784103
2015-01-01 01:11:22;124912999
2015-01-01 01:11:23;123876323
2015-01-01 01:11:24;124916350
2015-01-01 01:11:25;124853166
2015-01-01 01:11:26;123741128
2015-01-01 01:11:27;124228787
2015-01-01 01:11:28;123081073
2015-01-01 01:11:29;123770686
2015-01-01 01:11:30;122246345
2015-01-01 01:11:31;121861101
2015-01-01 01:11:32;121362809
2015-01-01 01:11:33;120864517
2015-01-01 01:11:34;120064971
2015-01-01 01:11:35;121100953
2015-01-01 01:11:36;123793245
2015-01-01 01:11:37;121299896
2015-01-01 01:11:38;120661037.5
2015-01-01 01:11:39;120022179
2015-01-01 01:11:40;118377423
2015-01-01 01:11:41;118169515
2015-01-01 01:11:42;119067391
2015-01-01 01:11:43;118450261
2015-01-01 01:11:44;116779480
2015-01-01 01:11:45;116412888
2015-01-01 01:11:46;115621103
2015-01-01 01:11:47;116595033
2015-01-01 01:11:48;120913509
2015-01-01 01:11:49;118943123
2015-01-01 01:11:50;118116522
2015-01-01 01:11:51;117289921
2015-01-01 01:11:52;117424758
2015-01-01 01:11:53;115745975
2015-01-01 01:11:54;117537466
2015-01-01 01:11:55;116160614
2015-01-01 01:11:56;116810698
2015-01-01 01:11:57;116936833
2015-01-01 01:11:58;115000647
2015-01-01 01:11:59;115993101
2015-01-01 01:12:00;116985555
2015-01-01 01:12:01;116452572
2015-01-01 01:12:02;115881663
2015-01-01 01:12:03;117440124
2015-01-01 01:12:04;115591733
2015-01-01 01:12:05;115120593
2015-01-01 01:12:06;114966676
2015-01-01 01:12:07;115055443
2015-01-01 01:12:08;116745171
2015-01-01 01:12:09;115713484
2015-01-01 01:12:10;116219195
2015-01-01 01:12:11;116300377
2015-01-01 01:12:12;118103500
2015-01-01 01:12:13;115697047
2015-01-01 01:12:14;117271691
2015-01-01 01:12:15;116960052
2015-01-01 01:12:16;116194960
2015-01-01 01:12:17;116667068
2015-01-01 01:12:18;116678314
2015-01-01 01:12:19;116689560
2015-01-01 01:12:20;116111075.5
2015-01-01 01:12:21;115532591
2015-01-01 01:12:22;115419268
2015-01-01 01:12:23;114713882
2015-01-01 01:12:24;116286896
2015-01-01 01:12:25;117102704
2015-01-01 01:12:26;116344604
2015-01-01 01:12:27;116693837
2015-01-01 01:12:28;116458959
2015-01-01 01:12:29;115725478
2015-01-01 01:12:30;115907059
2015-01-01 01:12:31;114946675
2015-01-01 01:12:32;113770566
2015-01-01 01:12:33;113512093
2015-01-01 01:12:34;112712063
2015-01-01 01:12:35;111673596
2015-01-01 01:12:36;111754587
2015-01-01 01:12:37;110783602
2015-01-01 01:12:38;109892326
2015-01-01 01:12:39;110618774
2015-01-01 01:12:40;108573249
2015-01-01 01:12:41;107330958
2015-01-01 01:12:42;108171312
2015-01-01 01:12:43;106397580
2015-01-01 01:12:44;106533885
2015-01-01 01:12:45;104963235
2015-01-01 01:12:46;103525106
2015-01-01 01:12:47;103635604
2015-01-01 01:12:48;105943386
2015-01-01 01:12:49;105337335
2015-01-01 01:12:50;104050868
2015-01-01 01:12:51;104870562
2015-01-01 01:12:52;104166643
2015-01-01 01:12:53;104080087
2015-01-01 01:12:54;103635399
2015-01-01 01:12:55;103190711
2015-01-01 01:12:56;103285264
2015-01-01 01:12:57;103189022
2015-01-01 01:12:58;102162751
2015-01-01 01:12:59;102095490
2015-01-01 01:13:00;105168646
2015-01-01 01:13:01;104665776
2015-01-01 01:13:02;103850551
2015-01-01 01:13:03;104087484
2015-01-01 01:13:04;103548630
2015-01-01 01:13:05;103550235
2015-01-01 01:13:06;103259075
2015-01-01 01:13:07;102354317
2015-01-01 01:13:08;103275220
2015-01-01 01:13:09;102382503
2015-01-01 01:13:10;102078300
2015-01-01 01:13:11;102051825
2015-01-01 01:13:12;103995129
2015-01-01 01:13:13;103591868
2015-01-01 01:13:14;102733602
2015-01-01 01:13:15;103836661
2015-01-01 01:13:16;102346711
2015-01-01 01:13:17;103614943
2015-01-01 01:13:18;103244046
2015-01-01 01:13:19;102517795
2015-01-01 01:13:20;103048292
2015-01-01 01:13:21;102656516
2015-01-01 01:13:22;102111947
2015-01-01 01:13:23;102793525
2015-01-01 01:13:24;107004098
2015-01-01 01:13:25;106507199
2015-01-01 01:13:26;106473882.5
2015-01-01 01:13:27;106440566
2015-01-01 01:13:28;105867217
2015-01-01 01:13:29;105495068
2015-01-01 01:13:30;105834559
2015-01-01 01:13:31;105225563
2015-01-01 01:13:32;105511494
2015-01-01 01:13:33;104415346
2015-01-01 01:13:34;104538167
2015-01-01 01:13:35;104700267
2015-01-01 01:13:36;106870052
2015-01-01 01:13:37;106174394
2015-01-01 01:13:38;105985264
2015-01-01 01:13:39;106409384
2015-01-01 01:13:40;105698539
2015-01-01 01:13:41;106231590
2015-01-01 01:13:42;106070889.5
2015-01-01 01:13:43;105910189
2015-01-01 01:13:44;106557014
2015-01-01 01:13:45;106427100
2015-01-01 01:13:46;105877796
2015-01-01 01:13:47;106086927
2015-01-01 01:13:48;109180235
2015-01-01 01:13:49;107469707
2015-01-01 01:13:50;107749129
2015-01-01 01:13:51;108011349.5
2015-01-01 01:13:52;108273570
2015-01-01 01:13:53;108649200
2015-01-01 01:13:54;109024830
2015-01-01 01:13:55;109567199
2015-01-01 01:13:56;110109568
2015-01-01 01:13:57;109959315
2015-01-01 01:13:58;110263403
2015-01-01 01:13:59;114704134
2015-01-01 01:14:00;113335288
2015-01-01 01:14:01;112481779
2015-01-01 01:14:02;113032524
2015-01-01 01:14:03;113727848
2015-01-01 01:14:04;114489272
2015-01-01 01:14:05;115453502.5
2015-01-01 01:14:06;116417733
2015-01-01 01:14:07;117849321
2015-01-01 01:14:08;118881641
2015-01-01 01:14:09;119098461
2015-01-01 01:14:10;119863849
2015-01-01 01:14:11;123348279
2015-01-01 01:14:12;123604596
2015-01-01 01:14:13;123436275
2015-01-01 01:14:14;125023306
2015-01-01 01:14:15;126126543
2015-01-01 01:14:16;126572986
2015-01-01 01:14:17;129155304
2015-01-01 01:14:18;128941295
2015-01-01 01:14:19;131131887
2015-01-01 01:14:20;132906305
2015-01-01 01:14:21;134560056
2015-01-01 01:14:22;136667883.5
2015-01-01 01:14:23;138775711
2015-01-01 01:14:24;137980771
2015-01-01 01:14:25;139423233
2015-01-01 01:14:26;139979785
2015-01-01 01:14:27;141946803
2015-01-01 01:14:28;142569661
2015-01-01 01:14:29;143373402
2015-01-01 01:14:30;144044186
2015-01-01 01:14:31;145791532
2015-01-01 01:14:32;145945853
2015-01-01 01:14:33;147490170
2015-01-01 01:14:34;150027355
2015-01-01 01:14:35;152094662
2015-01-01 01:14:36;150735882
2015-01-01 01:14:37;151415352
2015-01-01 01:14:38;151955599.5
2015-01-01 01:14:39;152495847
2015-01-01 01:14:40;152817070
2015-01-01 01:14:41;153543472
2015-01-01 01:14:42;154269874
2015-01-01 01:14:43;155061535
2015-01-01 01:14:44;154939812
2015-01-01 01:14:45;155009664
2015-01-01 01:14:46;154579280
2015-01-01 01:14:47;157649415
2015-01-01 01:14:48;157335031
2015-01-01 01:14:49;156769624
2015-01-01 01:14:50;158038464
2015-01-01 01:14:51;158568999
2015-01-01 01:14:52;157670548
2015-01-01 01:14:53;157376675
2015-01-01 01:14:54;157857619
2015-01-01 01:14:55;157626567
2015-01-01 01:14:56;156946722
2015-01-01 01:14:57;157843303
2015-01-01 01:14:58;156904335
2015-01-01 01:14:59;159005748
2015-01-01 01:15:00;158582797
2015-01-01 01:15:01;156572888
2015-01-01 01:15:02;156168891
2015-01-01 01:15:03;156382884
2015-01-01 01:15:04;155779452
2015-01-01 01:15:05;156417675
2015-01-01 01:15:06;155379018
2015-01-01 01:15:07;154564386
2015-01-01 01:15:08;154629184
2015-01-01 01:15:09;153920137
2015-01-01 01:15:10;153177096
2015-01-01 01:15:11;154347332
2015-01-01 01:15:12;153927201
2015-01-01 01:15:13;152451236
2015-01-01 01:15:14;152266238
2015-01-01 01:15:15;152028257
2015-01-01 01:15:16;150317749
2015-01-01 01:15:17;149972046
2015-01-01 01:15:18;150333814
2015-01-01 01:15:19;148995095
2015-01-01 01:15:20;150019268
2015-01-01 01:15:21;149145710
2015-01-01 01:15:22;148002938
2015-01-01 01:15:23;150052005
2015-01-01 01:15:24;148333391
2015-01-01 01:15:25;148043948.5
2015-01-01 01:15:26;147754506
2015-01-01 01:15:27;146946760
2015-01-01 01:15:28;146876826
2015-01-01 01:15:29;146535550
2015-01-01 01:15:30;145480125
2015-01-01 01:15:31;144412271
2015-01-01 01:15:32;145450499
2015-01-01 01:15:33;144684912
2015-01-01 01:15:34;144185558
2015-01-01 01:15:35;145801162
2015-01-01 01:15:36;144298334
2015-01-01 01:15:37;143855850
2015-01-01 01:15:38;143710366
2015-01-01 01:15:39;142381996
2015-01-01 01:15:40;142431001
2015-01-01 01:15:41;142480006
2015-01-01 01:15:42;141630927
2015-01-01 01:15:43;142666329
2015-01-01 01:15:44;142731235
2015-01-01 01:15:45;142410578
2015-01-01 01:15:46;141502839
2015-01-01 01:15:47;143416138
2015-01-01 01:15:48;143220416
2015-01-01 01:15:49;143114561
2015-01-01 01:15:50;140413835
2015-01-01 01:15:51;141403619
2015-01-01 01:15:52;141155660
2015-01-01 01:15:53;141279909
2015-01-01 01:15:54;139989866
2015-01-01 01:15:55;140955963
2015-01-01 01:15:56;140642233.5
2015-01-01 01:15:57;140328504
2015-01-01 01:15:58;138422603
2015-01-01 01:15:59;140670238
2015-01-01 01:16:00;139281022
2015-01-01 01:16:01;139065325
2015-01-01 01:16:02;139017237
2015-01-01 01:16:03;138680056
2015-01-01 01:16:04;138460573
2015-01-01 01:16:05;138266206
2015-01-01 01:16:06;137450228
2015-01-01 01:16:07;136634250
2015-01-01 01:16:08;135786928
2015-01-01 01:16:09;136741444
2015-01-01 01:16:10;136117413
2015-01-01 01:16:11;136411177
2015-01-01 01:16:12;136341805
2015-01-01 01:16:13;134971029
2015-01-01 01:16:14;134475006
2015-01-01 01:16:15;133439604
2015-01-01 01:16:16;133356937
2015-01-01 01:16:17;132879537
2015-01-01 01:16:18;132320802.5
2015-01-01 01:16:19;131762068
2015-01-01 01:16:20;131432656
2015-01-01 01:16:21;130190747
2015-01-01 01:16:22;128972475
2015-01-01 01:16:23;130415418
2015-01-01 01:16:24;129056657
2015-01-01 01:16:25;128330693
2015-01-01 01:16:26;127968877
2015-01-01 01:16:27;126695372
2015-01-01 01:16:28;125776079
2015-01-01 01:16:29;126119295
2015-01-01 01:16:30;126501835
2015-01-01 01:16:31;123995588
2015-01-01 01:16:32;123756437
2015-01-01 01:16:33;122961038
2015-01-01 01:16:34;122159454
2015-01-01 01:16:35;123635241
2015-01-01 01:16:36;123556378
2015-01-01 01:16:37;123280365
2015-01-01 01:16:38;121824271
2015-01-01 01:16:39;121244736
2015-01-01 01:16:40;120179485
2015-01-01 01:16:41;120726351
2015-01-01 01:16:42;120164572
2015-01-01 01:16:43;119136727
2015-01-01 01:16:44;118602959
2015-01-01 01:16:45;119127678
2015-01-01 01:16:46;118544572
2015-01-01 01:16:47;119996698
2015-01-01 01:16:48;118995388
2015-01-01 01:16:49;119321426
2015-01-01 01:16:50;118871107
2015-01-01 01:16:51;118965699
2015-01-01 01:16:52;117487442
2015-01-01 01:16:53;118429314
2015-01-01 01:16:54;117462402
2015-01-01 01:16:55;117303792
2015-01-01 01:16:56;118087712
2015-01-01 01:16:57;115867599
2015-01-01 01:16:58;116353968
2015-01-01 01:16:59;118555640
2015-01-01 01:17:00;117732222
2015-01-01 01:17:01;117306563.75
2015-01-01 01:17:02;116880905.5
2015-01-01 01:17:03;116618524
2015-01-01 01:17:04;116134641
2015-01-01 01:17:05;116582266
2015-01-01 01:17:06;115714431
2015-01-01 01:17:07;115425557
2015-01-01 01:17:08;115977392
2015-01-01 01:17:09;115082770
2015-01-01 01:17:10;115396682.5
2015-01-01 01:17:11;115710595
2015-01-01 01:17:12;114745024
2015-01-01 01:17:13;114018269
2015-01-01 01:17:14;112486695
2015-01-01 01:17:15;112613812
2015-01-01 01:17:16;112511495
2015-01-01 01:17:17;111993448
2015-01-01 01:17:18;112148757
2015-01-01 01:17:19;110727440
2015-01-01 01:17:20;111587906
2015-01-01 01:17:21;110757729
2015-01-01 01:17:22;108966159
2015-01-01 01:17:23;111496434
2015-01-01 01:17:24;110282046
2015-01-01 01:17:25;109335263
2015-01-01 01:17:26;108767102
2015-01-01 01:17:27;107892780
2015-01-01 01:17:28;107610181
2015-01-01 01:17:29;106467062
2015-01-01 01:17:30;106045390
2015-01-01 01:17:31;104516846
2015-01-01 01:17:32;103557216
2015-01-01 01:17:33;102740224
2015-01-01 01:17:34;102266506
2015-01-01 01:17:35;104191516
2015-01-01 01:17:36;100741796
2015-01-01 01:17:37;99522490
2015-01-01 01:17:38;101512648
2015-01-01 01:17:39;98951451
2015-01-01 01:17:40;98606472
2015-01-01 01:17:41;98879229
2015-01-01 01:17:42;97531782
2015-01-01 01:17:43;97896752
2015-01-01 01:17:44;96745719
2015-01-01 01:17:45;96380236
2015-01-01 01:17:46;95889419
2015-01-01 01:17:47;95840462
2015-01-01 01:17:48;95791505
2015-01-01 01:17:49;94713167
2015-01-01 01:17:50;93395110
2015-01-01 01:17:51;93454325
2015-01-01 01:17:52;92343728
2015-01-01 01:17:53;92870159
2015-01-01 01:17:54;92134997
2015-01-01 01:17:55;91041958
2015-01-01 01:17:56;91969994
2015-01-01 01:17:57;91489179
2015-01-01 01:17:58;90692332
2015-01-01 01:17:59;93500388
2015-01-01 01:18:00;92921579
2015-01-01 01:18:01;92050706
2015-01-01 01:18:02;91876398
2015-01-01 01:18:03;91566963
2015-01-01 01:18:04;91878385
2015-01-01 01:18:05;92117986
2015-01-01 01:18:06;91715153
2015-01-01 01:18:07;91604860
2015-01-01 01:18:08;91980878
2015-01-01 01:18:09;91928495
2015-01-01 01:18:10;92014827
2015-01-01 01:18:11;94913389
2015-01-01 01:18:12;94902737
2015-01-01 01:18:13;95498585
2015-01-01 01:18:14;94998579
2015-01-01 01:18:15;95625463
2015-01-01 01:18:16;94351596
2015-01-01 01:18:17;95622556
2015-01-01 01:18:18;94777887
2015-01-01 01:18:19;94593130
2015-01-01 01:18:20;94330569
2015-01-01 01:18:21;94069775
2015-01-01 01:18:22;94261904
2015-01-01 01:18:23;97615468
2015-01-01 01:18:24;96288397
2015-01-01 01:18:25;95813699
2015-01-01 01:18:26;94476934
2015-01-01 01:18:27;95551919
2015-01-01 01:18:28;94379443
2015-01-01 01:18:29;95431819
2015-01-01 01:18:30;95265152
2015-01-01 01:18:31;94811040
2015-01-01 01:18:32;95152709
2015-01-01 01:18:33;94696943
2015-01-01 01:18:34;94701549
2015-01-01 01:18:35;97681601
2015-01-01 01:18:36;96645540
2015-01-01 01:18:37;95345724
2015-01-01 01:18:38;95278112
2015-01-01 01:18:39;96113622
2015-01-01 01:18:40;95986008
2015-01-01 01:18:41;96808156
2015-01-01 01:18:42;95702411
2015-01-01 01:18:43;97213458
2015-01-01 01:18:44;96346579
2015-01-01 01:18:45;96813663.5
2015-01-01 01:18:46;97280748
2015-01-01 01:18:47;102048578
2015-01-01 01:18:48;99873294
2015-01-01 01:18:49;100710544
2015-01-01 01:18:50;100188365
2015-01-01 01:18:51;100858518
2015-01-01 01:18:52;100638458
2015-01-01 01:18:53;102525939
2015-01-01 01:18:54;102700666
2015-01-01 01:18:55;102975196
2015-01-01 01:18:56;104451595
2015-01-01 01:18:57;104215097
2015-01-01 01:18:58;105401042
2015-01-01 01:18:59;109358604
2015-01-01 01:19:00;109135941
2015-01-01 01:19:01;109895149
2015-01-01 01:19:02;109783083
2015-01-01 01:19:03;111385038
2015-01-01 01:19:04;112388719
2015-01-01 01:19:05;113017962
2015-01-01 01:19:06;114961560
2015-01-01 01:19:07;115998783
2015-01-01 01:19:08;116511790
2015-01-01 01:19:09;117615004
2015-01-01 01:19:10;120154831.5
2015-01-01 01:19:11;122694659
2015-01-01 01:19:12;122114385
2015-01-01 01:19:13;122540584
2015-01-01 01:19:14;122271127
2015-01-01 01:19:15;124081343
2015-01-01 01:19:16;126081747
2015-01-01 01:19:17;125732709
2015-01-01 01:19:18;126611472
2015-01-01 01:19:19;126294147
2015-01-01 01:19:20;129047765
2015-01-01 01:19:21;129774168
2015-01-01 01:19:22;128875329
2015-01-01 01:19:23;133162848
2015-01-01 01:19:24;133116279
2015-01-01 01:19:25;133285165
2015-01-01 01:19:26;133472671
2015-01-01 01:19:27;133976597
2015-01-01 01:19:28;133893442
2015-01-01 01:19:29;135175017
2015-01-01 01:19:30;134687706
2015-01-01 01:19:31;136186406
2015-01-01 01:19:32;136272422.5
2015-01-01 01:19:33;136358439
2015-01-01 01:19:34;137792997
2015-01-01 01:19:35;139227555
2015-01-01 01:19:36;139541411
2015-01-01 01:19:37;138474683
2015-01-01 01:19:38;139045198
2015-01-01 01:19:39;139370751
2015-01-01 01:19:40;138971842
2015-01-01 01:19:41;140272132
2015-01-01 01:19:42;139795531
2015-01-01 01:19:43;139419337
2015-01-01 01:19:44;139931578
2015-01-01 01:19:45;139806201
2015-01-01 01:19:46;140656426
2015-01-01 01:19:47;142338513
2015-01-01 01:19:48;140703509
2015-01-01 01:19:49;139500483
2015-01-01 01:19:50;139985597
2015-01-01 01:19:51;139555572
2015-01-01 01:19:52;139932878
2015-01-01 01:19:53;137952556
2015-01-01 01:19:54;137384685
2015-01-01 01:19:55;137252181
2015-01-01 01:19:56;137510316
2015-01-01 01:19:57;136248611
2015-01-01 01:19:58;137091823
2015-01-01 01:19:59;137935035
2015-01-01 01:20:00;136769555
2015-01-01 01:20:01;135477369
2015-01-01 01:20:02;134440523
2015-01-01 01:20:03;134091312
2015-01-01 01:20:04;133003676
2015-01-01 01:20:05;131593339
2015-01-01 01:20:06;132972550
2015-01-01 01:20:07;132913166
2015-01-01 01:20:08;133661716
2015-01-01 01:20:09;132194971
2015-01-01 01:20:10;131608362
2015-01-01 01:20:11;133011044
2015-01-01 01:20:12;132903794
2015-01-01 01:20:13;131170415
2015-01-01 01:20:14;130589882
2015-01-01 01:20:15;129678524
2015-01-01 01:20:16;129147025
2015-01-01 01:20:17;129073646
2015-01-01 01:20:18;128317667
2015-01-01 01:20:19;128109496
2015-01-01 01:20:20;129038454
2015-01-01 01:20:21;128320041
2015-01-01 01:20:22;128415579
2015-01-01 01:20:23;129784596
2015-01-01 01:20:24;126938056
2015-01-01 01:20:25;126657600
2015-01-01 01:20:26;126834878
2015-01-01 01:20:27;127767289
2015-01-01 01:20:28;125840102
2015-01-01 01:20:29;126664688
2015-01-01 01:20:30;125303551
2015-01-01 01:20:31;124490097
2015-01-01 01:20:32;125492409
2015-01-01 01:20:33;125033551
2015-01-01 01:20:34;123884419
2015-01-01 01:20:35;126871185
2015-01-01 01:20:36;126429159
2015-01-01 01:20:37;124809152
2015-01-01 01:20:38;124769170
2015-01-01 01:20:39;122821874
2015-01-01 01:20:40;122684462
2015-01-01 01:20:41;121739884
2015-01-01 01:20:42;122922066
2015-01-01 01:20:43;123902136
2015-01-01 01:20:44;122604082
2015-01-01 01:20:45;122257196
2015-01-01 01:20:46;121931927
2015-01-01 01:20:47;122890888
2015-01-01 01:20:48;124125983
2015-01-01 01:20:49;123295713
2015-01-01 01:20:50;123345693
2015-01-01 01:20:51;121940438
2015-01-01 01:20:52;122140795
2015-01-01 01:20:53;121336182
2015-01-01 01:20:54;121268425
2015-01-01 01:20:55;121786263
2015-01-01 01:20:56;121288160
2015-01-01 01:20:57;120708040
2015-01-01 01:20:58;118972173
2015-01-01 01:20:59;121613693
2015-01-01 01:21:00;120376898
2015-01-01 01:21:01;119512522
2015-01-01 01:21:02;118777229
2015-01-01 01:21:03;118544756
2015-01-01 01:21:04;119159939
2015-01-01 01:21:05;119173519
2015-01-01 01:21:06;117641858
2015-01-01 01:21:07;118021769
2015-01-01 01:21:08;117038335
2015-01-01 01:21:09;116468951
2015-01-01 01:21:10;116277234
2015-01-01 01:21:11;118312533
2015-01-01 01:21:12;117468351
2015-01-01 01:21:13;116745743
2015-01-01 01:21:14;116230620
2015-01-01 01:21:15;115715497
2015-01-01 01:21:16;115032140
2015-01-01 01:21:17;115275627
2015-01-01 01:21:18;116478122
2015-01-01 01:21:19;113524811
2015-01-01 01:21:20;114247791
2015-01-01 01:21:21;113856622
2015-01-01 01:21:22;112361902
2015-01-01 01:21:23;114565710
2015-01-01 01:21:24;115332867
2015-01-01 01:21:25;114370574
2015-01-01 01:21:26;113822123
2015-01-01 01:21:27;112442936
2015-01-01 01:21:28;113229751
2015-01-01 01:21:29;113005227
2015-01-01 01:21:30;112682477
2015-01-01 01:21:31;111054209
2015-01-01 01:21:32;112171556
2015-01-01 01:21:33;111260914
2015-01-01 01:21:34;112017310
2015-01-01 01:21:35;112860762
2015-01-01 01:21:36;112611736
2015-01-01 01:21:37;111596275
2015-01-01 01:21:38;110661954
2015-01-01 01:21:39;111889471
2015-01-01 01:21:40;111860233
2015-01-01 01:21:41;110970872
2015-01-01 01:21:42;111413400
2015-01-01 01:21:43;110807373
2015-01-01 01:21:44;110797551
2015-01-01 01:21:45;110525453
2015-01-01 01:21:46;109931961
2015-01-01 01:21:47;112886959
2015-01-01 01:21:48;111214494
2015-01-01 01:21:49;110370716
2015-01-01 01:21:50;110048688
2015-01-01 01:21:51;110559112
2015-01-01 01:21:52;109978766
2015-01-01 01:21:53;110872520
2015-01-01 01:21:54;109349576
2015-01-01 01:21:55;109328601
2015-01-01 01:21:56;109636639
2015-01-01 01:21:57;107837149
2015-01-01 01:21:58;108102286
2015-01-01 01:21:59;110687343
2015-01-01 01:22:00;108891014
2015-01-01 01:22:01;108578874
2015-01-01 01:22:02;107928113
2015-01-01 01:22:03;107437678
2015-01-01 01:22:04;107243179
2015-01-01 01:22:05;106422175
2015-01-01 01:22:06;107162966
2015-01-01 01:22:07;106374417
2015-01-01 01:22:08;105334477
2015-01-01 01:22:09;104167993
2015-01-01 01:22:10;104367847
2015-01-01 01:22:11;105690644
2015-01-01 01:22:12;105233385
2015-01-01 01:22:13;104587914
2015-01-01 01:22:14;103748292
2015-01-01 01:22:15;102652710
2015-01-01 01:22:16;102253457
2015-01-01 01:22:17;101486279
2015-01-01 01:22:18;100729460
2015-01-01 01:22:19;99379118
2015-01-01 01:22:20;99289336
2015-01-01 01:22:21;98470527
2015-01-01 01:22:22;97091198
2015-01-01 01:22:23;99199147
2015-01-01 01:22:24;99059660
2015-01-01 01:22:25;97590511
2015-01-01 01:22:26;97399461
2015-01-01 01:22:27;95915253
2015-01-01 01:22:28;94725356
2015-01-01 01:22:29;94724184
2015-01-01 01:22:30;94237201
2015-01-01 01:22:31;93154397
2015-01-01 01:22:32;92855182
2015-01-01 01:22:33;92155619
2015-01-01 01:22:34;91293011
2015-01-01 01:22:35;92902876
2015-01-01 01:22:36;91915836
2015-01-01 01:22:37;91237258
2015-01-01 01:22:38;90316406
2015-01-01 01:22:39;89363803
2015-01-01 01:22:40;89198467
2015-01-01 01:22:41;89583506
2015-01-01 01:22:42;89408313
2015-01-01 01:22:43;88437253
2015-01-01 01:22:44;88806789
2015-01-01 01:22:45;87880176
2015-01-01 01:22:46;87773784
2015-01-01 01:22:47;90634643
2015-01-01 01:22:48;89985588
2015-01-01 01:22:49;88796415
2015-01-01 01:22:50;88775837
2015-01-01 01:22:51;89433519
2015-01-01 01:22:52;88836613
2015-01-01 01:22:53;90043636
2015-01-01 01:22:54;89768016
2015-01-01 01:22:55;89024238
2015-01-01 01:22:56;90009023
2015-01-01 01:22:57;89798324
2015-01-01 01:22:58;90014298
2015-01-01 01:22:59;93532177
2015-01-01 01:23:00;93700702
2015-01-01 01:23:01;93462744
2015-01-01 01:23:02;93814500
2015-01-01 01:23:03;95869167
2015-01-01 01:23:04;93815945
2015-01-01 01:23:05;94257100
2015-01-01 01:23:06;94603697
2015-01-01 01:23:07;94647077
2015-01-01 01:23:08;94454326
2015-01-01 01:23:09;95122194
2015-01-01 01:23:10;94469735
2015-01-01 01:23:11;98774390
2015-01-01 01:23:12;96842717
2015-01-01 01:23:13;96398422
2015-01-01 01:23:14;95945254
2015-01-01 01:23:15;96085773
2015-01-01 01:23:16;96024097
2015-01-01 01:23:17;97029450
2015-01-01 01:23:18;96580059
2015-01-01 01:23:19;96488181
2015-01-01 01:23:20;97292126
2015-01-01 01:23:21;96598382
2015-01-01 01:23:22;96718687
2015-01-01 01:23:23;99445350
2015-01-01 01:23:24;98736762
2015-01-01 01:23:25;98331810
2015-01-01 01:23:26;97473948
2015-01-01 01:23:27;98593188
2015-01-01 01:23:28;98455241
2015-01-01 01:23:29;98856594
2015-01-01 01:23:30;98744325
2015-01-01 01:23:31;98827554
2015-01-01 01:23:32;99973557
2015-01-01 01:23:33;100290933
2015-01-01 01:23:34;99754863
2015-01-01 01:23:35;104997879
2015-01-01 01:23:36;103784609
2015-01-01 01:23:37;102236666
2015-01-01 01:23:38;103348637
2015-01-01 01:23:39;103905357
2015-01-01 01:23:40;103959325
2015-01-01 01:23:41;103691382
2015-01-01 01:23:42;105285760
2015-01-01 01:23:43;104718237
2015-01-01 01:23:44;107099733
2015-01-01 01:23:45;106893494
2015-01-01 01:23:46;107605059
2015-01-01 01:23:47;111396889
2015-01-01 01:23:48;110462196
2015-01-01 01:23:49;111344005
2015-01-01 01:23:50;112760511
2015-01-01 01:23:51;114273870
2015-01-01 01:23:52;115335122.5
2015-01-01 01:23:53;116396375
2015-01-01 01:23:54;116171857
2015-01-01 01:23:55;117668067
2015-01-01 01:23:56;119808420
2015-01-01 01:23:57;119795426
2015-01-01 01:23:58;120547747
2015-01-01 01:23:59;125557256
2015-01-01 01:24:00;123971195
2015-01-01 01:24:01;124687282
2015-01-01 01:24:02;125201864
2015-01-01 01:24:03;125678174
2015-01-01 01:24:04;126700003
2015-01-01 01:24:05;127652207
2015-01-01 01:24:06;128659604
2015-01-01 01:24:07;129541880
2015-01-01 01:24:08;129754437
2015-01-01 01:24:09;130536929
2015-01-01 01:24:10;131327018
2015-01-01 01:24:11;135205441
2015-01-01 01:24:12;134123073
2015-01-01 01:24:13;133936572
2015-01-01 01:24:14;135128211
2015-01-01 01:24:15;136365749
2015-01-01 01:24:16;134999434
2015-01-01 01:24:17;136701956
2015-01-01 01:24:18;136422291
2015-01-01 01:24:19;134376799
2015-01-01 01:24:20;137318213
2015-01-01 01:24:21;136475890
2015-01-01 01:24:22;136797673
2015-01-01 01:24:23;141146999
2015-01-01 01:24:24;141136634
2015-01-01 01:24:25;139483416
2015-01-01 01:24:26;140087398
2015-01-01 01:24:27;139775892
2015-01-01 01:24:28;140111107
2015-01-01 01:24:29;140446322
2015-01-01 01:24:30;139762654
2015-01-01 01:24:31;139576111
2015-01-01 01:24:32;140752791
2015-01-01 01:24:33;139535888
2015-01-01 01:24:34;139016506
2015-01-01 01:24:35;140349380
2015-01-01 01:24:36;141682254
2015-01-01 01:24:37;141382830
2015-01-01 01:24:38;140985866
2015-01-01 01:24:39;140090638
2015-01-01 01:24:40;139166315
2015-01-01 01:24:41;139408962
2015-01-01 01:24:42;139925306
2015-01-01 01:24:43;139546124
2015-01-01 01:24:44;139166942
2015-01-01 01:24:45;138945780
2015-01-01 01:24:46;139193013
2015-01-01 01:24:47;141719304
2015-01-01 01:24:48;140143415
2015-01-01 01:24:49;139845595
2015-01-01 01:24:50;139073765
2015-01-01 01:24:51;138902985
2015-01-01 01:24:52;138732205
2015-01-01 01:24:53;139226098
2015-01-01 01:24:54;139135846
2015-01-01 01:24:55;139045594
2015-01-01 01:24:56;138866924
2015-01-01 01:24:57;139026897
2015-01-01 01:24:58;138335554
2015-01-01 01:24:59;140575501
2015-01-01 01:25:00;139852706
2015-01-01 01:25:01;138970561
2015-01-01 01:25:02;138761152
2015-01-01 01:25:03;139936117
2015-01-01 01:25:04;140288364
2015-01-01 01:25:05;139041809
2015-01-01 01:25:06;139320824
2015-01-01 01:25:07;138678424
2015-01-01 01:25:08;139200848
2015-01-01 01:25:09;140199946
2015-01-01 01:25:10;138328351
2015-01-01 01:25:11;140471244
2015-01-01 01:25:12;139220610
2015-01-01 01:25:13;138459580
2015-01-01 01:25:14;139277857
2015-01-01 01:25:15;138904940
2015-01-01 01:25:16;137684871
2015-01-01 01:25:17;138351247
2015-01-01 01:25:18;138007158
2015-01-01 01:25:19;138654867.5
2015-01-01 01:25:20;139302577
2015-01-01 01:25:21;139327036
2015-01-01 01:25:22;138319231
2015-01-01 01:25:23;142058329
2015-01-01 01:25:24;140687168
2015-01-01 01:25:25;140589041
2015-01-01 01:25:26;140042355
2015-01-01 01:25:27;139495669
2015-01-01 01:25:28;138129552
2015-01-01 01:25:29;140044835
2015-01-01 01:25:30;138649682
2015-01-01 01:25:31;137254529
2015-01-01 01:25:32;137384981
2015-01-01 01:25:33;136775215
2015-01-01 01:25:34;136673692
2015-01-01 01:25:35;139857963
2015-01-01 01:25:36;137319571
2015-01-01 01:25:37;137520646
2015-01-01 01:25:38;137403738
2015-01-01 01:25:39;135355863
2015-01-01 01:25:40;135392916
2015-01-01 01:25:41;134371140
2015-01-01 01:25:42;135144025
2015-01-01 01:25:43;135071630
2015-01-01 01:25:44;134999235
2015-01-01 01:25:45;133897040
2015-01-01 01:25:46;132780627
2015-01-01 01:25:47;133938006
2015-01-01 01:25:48;133633786
2015-01-01 01:25:49;132371959
2015-01-01 01:25:50;131750175
2015-01-01 01:25:51;129740649
2015-01-01 01:25:52;129986218
2015-01-01 01:25:53;130702793
2015-01-01 01:25:54;128615971
2015-01-01 01:25:55;128177728
2015-01-01 01:25:56;127951297
2015-01-01 01:25:57;127147014
2015-01-01 01:25:58;126118839
2015-01-01 01:25:59;129596484
2015-01-01 01:26:00;126936560
2015-01-01 01:26:01;127476085
2015-01-01 01:26:02;125929353
2015-01-01 01:26:03;125215047
2015-01-01 01:26:04;124357847
2015-01-01 01:26:05;125372637
2015-01-01 01:26:06;124280365
2015-01-01 01:26:07;123394413
2015-01-01 01:26:08;123931552
2015-01-01 01:26:09;123747341
2015-01-01 01:26:10;122600106
2015-01-01 01:26:11;125300288
2015-01-01 01:26:12;125509064
2015-01-01 01:26:13;125717840
2015-01-01 01:26:14;123572451
2015-01-01 01:26:15;124165528
2015-01-01 01:26:16;124406430
2015-01-01 01:26:17;124647332
2015-01-01 01:26:18;124696353
2015-01-01 01:26:19;123445005
2015-01-01 01:26:20;124841422
2015-01-01 01:26:21;123471166
2015-01-01 01:26:22;124430638
2015-01-01 01:26:23;126170480
2015-01-01 01:26:24;125363796
2015-01-01 01:26:25;125370272
2015-01-01 01:26:26;123541060
2015-01-01 01:26:27;124882079
2015-01-01 01:26:28;124204451
2015-01-01 01:26:29;123768360
2015-01-01 01:26:30;123330658
2015-01-01 01:26:31;122892956
2015-01-01 01:26:32;125654168
2015-01-01 01:26:33;123473432
2015-01-01 01:26:34;123548762
2015-01-01 01:26:35;125475974
2015-01-01 01:26:36;124908311
2015-01-01 01:26:37;124675049
2015-01-01 01:26:38;122856549
2015-01-01 01:26:39;121970599
2015-01-01 01:26:40;122592346
2015-01-01 01:26:41;122226142
2015-01-01 01:26:42;122697406
2015-01-01 01:26:43;120241033
2015-01-01 01:26:44;120974551
2015-01-01 01:26:45;120603225
2015-01-01 01:26:46;119740971
2015-01-01 01:26:47;121165358
2015-01-01 01:26:48;121735411
2015-01-01 01:26:49;120285007
2015-01-01 01:26:50;120301215
2015-01-01 01:26:51;120337653.5
2015-01-01 01:26:52;120374092
2015-01-01 01:26:53;119564089
2015-01-01 01:26:54;118876853
2015-01-01 01:26:55;117146730
2015-01-01 01:26:56;117457473
2015-01-01 01:26:57;117518950
2015-01-01 01:26:58;115739773
2015-01-01 01:26:59;116347775
2015-01-01 01:27:00;113341575
2015-01-01 01:27:01;112846133
2015-01-01 01:27:02;112475281
2015-01-01 01:27:03;111138508
2015-01-01 01:27:04;109412073
2015-01-01 01:27:05;109573897
2015-01-01 01:27:06;106658283
2015-01-01 01:27:07;104776464
2015-01-01 01:27:08;106301168
2015-01-01 01:27:09;104938752
2015-01-01 01:27:10;103576336
2015-01-01 01:27:11;106960102
2015-01-01 01:27:12;105787023
2015-01-01 01:27:13;105135126.5
2015-01-01 01:27:14;104483230
2015-01-01 01:27:15;102907759
2015-01-01 01:27:16;101695576
2015-01-01 01:27:17;103635079
2015-01-01 01:27:18;103389909
2015-01-01 01:27:19;102044948
2015-01-01 01:27:20;101444342
2015-01-01 01:27:21;100776605
2015-01-01 01:27:22;100208053
2015-01-01 01:27:23;102608569
2015-01-01 01:27:24;101769484
2015-01-01 01:27:25;101236334
2015-01-01 01:27:26;99609371
2015-01-01 01:27:27;99301776
2015-01-01 01:27:28;98686350
2015-01-01 01:27:29;98633709
2015-01-01 01:27:30;98083426
2015-01-01 01:27:31;97404701
2015-01-01 01:27:32;97784705
2015-01-01 01:27:33;96947269
2015-01-01 01:27:34;95905707
2015-01-01 01:27:35;99592826
2015-01-01 01:27:36;98204139
2015-01-01 01:27:37;97543759
2015-01-01 01:27:38;97395361
2015-01-01 01:27:39;96734541
2015-01-01 01:27:40;97010631
2015-01-01 01:27:41;97597139
2015-01-01 01:27:42;97299476.5
2015-01-01 01:27:43;97001814
2015-01-01 01:27:44;97213600
2015-01-01 01:27:45;96833961
2015-01-01 01:27:46;96989737
2015-01-01 01:27:47;100663249
2015-01-01 01:27:48;101056261
2015-01-01 01:27:49;100805082
2015-01-01 01:27:50;100401156
2015-01-01 01:27:51;100431556
2015-01-01 01:27:52;99695654
2015-01-01 01:27:53;99680551
2015-01-01 01:27:54;99581085
2015-01-01 01:27:55;98805568
2015-01-01 01:27:56;99205236
2015-01-01 01:27:57;99329021
2015-01-01 01:27:58;98872990
2015-01-01 01:27:59;102219859
2015-01-01 01:28:00;101167480
2015-01-01 01:28:01;101091177
2015-01-01 01:28:02;101307109
2015-01-01 01:28:03;101246443
2015-01-01 01:28:04;101044190
2015-01-01 01:28:05;101312741
2015-01-01 01:28:06;101237197
2015-01-01 01:28:07;102055353
2015-01-01 01:28:08;102485639
2015-01-01 01:28:09;102378043
2015-01-01 01:28:10;102226506
2015-01-01 01:28:11;105766390
2015-01-01 01:28:12;105126691
2015-01-01 01:28:13;104125339
2015-01-01 01:28:14;104587453
2015-01-01 01:28:15;105359850
2015-01-01 01:28:16;105120988
2015-01-01 01:28:17;106213075
2015-01-01 01:28:18;106136102
2015-01-01 01:28:19;107117612
2015-01-01 01:28:20;107946052
2015-01-01 01:28:21;108459082
2015-01-01 01:28:22;108021439
2015-01-01 01:28:23;114562101
2015-01-01 01:28:24;113028004
2015-01-01 01:28:25;113722824
2015-01-01 01:28:26;113668205
2015-01-01 01:28:27;115246113
2015-01-01 01:28:28;116012006
2015-01-01 01:28:29;116967352
2015-01-01 01:28:30;118067233
2015-01-01 01:28:31;119526203
2015-01-01 01:28:32;120742145
2015-01-01 01:28:33;122042082
2015-01-01 01:28:34;122878720
2015-01-01 01:28:35;127833175
2015-01-01 01:28:36;127096676
2015-01-01 01:28:37;127690756
2015-01-01 01:28:38;128170112
2015-01-01 01:28:39;131093794
2015-01-01 01:28:40;130726985
2015-01-01 01:28:41;133739734
2015-01-01 01:28:42;134942747
2015-01-01 01:28:43;135688166
2015-01-01 01:28:44;137260019
2015-01-01 01:28:45;138602984
2015-01-01 01:28:46;140915147
2015-01-01 01:28:47;145684934
2015-01-01 01:28:48;144866413
2015-01-01 01:28:49;144980213
2015-01-01 01:28:50;145085302
2015-01-01 01:28:51;147743758
2015-01-01 01:28:52;147740455
2015-01-01 01:28:53;149130793
2015-01-01 01:28:54;148986869
2015-01-01 01:28:55;150383024
2015-01-01 01:28:56;151512327
2015-01-01 01:28:57;153117856
2015-01-01 01:28:58;152487869
2015-01-01 01:28:59;157480845
2015-01-01 01:29:00;157270051
2015-01-01 01:29:01;157932819
2015-01-01 01:29:02;158047746
2015-01-01 01:29:03;158174044
2015-01-01 01:29:04;158293471
2015-01-01 01:29:05;160042314
2015-01-01 01:29:06;159697677
2015-01-01 01:29:07;159503517
2015-01-01 01:29:08;160711795
2015-01-01 01:29:09;160486390
2015-01-01 01:29:10;160276686
2015-01-01 01:29:11;163504954
2015-01-01 01:29:12;162515054.5
2015-01-01 01:29:13;161525155
2015-01-01 01:29:14;161454773.333333
2015-01-01 01:29:15;161384391.666667
2015-01-01 01:29:16;161314010
2015-01-01 01:29:17;161243628.333333
2015-01-01 01:29:18;161173246.666667
2015-01-01 01:29:19;161102865
2015-01-01 01:29:20;161946404
2015-01-01 01:29:21;161914306.8
2015-01-01 01:29:22;161882209.6
2015-01-01 01:29:23;161850112.4
2015-01-01 01:29:24;161818015.2
2015-01-01 01:29:25;161785918
2015-01-01 01:29:26;161560561
2015-01-01 01:29:27;161335204
2015-01-01 01:29:28;161109847
2015-01-01 01:29:29;160538766.666667
2015-01-01 01:29:30;159967686.333333
2015-01-01 01:29:31;159396606
2015-01-01 01:29:32;159832551
2015-01-01 01:29:33;159672736
2015-01-01 01:29:34;158021928
2015-01-01 01:29:35;160916696
2015-01-01 01:29:36;158773151
2015-01-01 01:29:37;158239691
2015-01-01 01:29:38;159220758
2015-01-01 01:29:39;159260514
2015-01-01 01:29:40;157797973
2015-01-01 01:29:41;159676172
2015-01-01 01:29:42;158591318
2015-01-01 01:29:43;156814655
2015-01-01 01:29:44;157850427
2015-01-01 01:29:45;156951234
2015-01-01 01:29:46;154600245
2015-01-01 01:29:47;158725996
2015-01-01 01:29:48;156426846
2015-01-01 01:29:49;156135784
2015-01-01 01:29:50;155797300
2015-01-01 01:29:51;156264106
2015-01-01 01:29:52;155768731
2015-01-01 01:29:53;155823306
2015-01-01 01:29:54;155877881
2015-01-01 01:29:55;155914603
2015-01-01 01:29:56;156316864
2015-01-01 01:29:57;154591821
2015-01-01 01:29:58;155629935
2015-01-01 01:29:59;156268610
2015-01-01 01:30:00;155310621
2015-01-01 01:30:01;155673810
2015-01-01 01:30:02;154712083
2015-01-01 01:30:03;155528257
2015-01-01 01:30:04;154806335
2015-01-01 01:30:05;153683855
2015-01-01 01:30:06;155544048
2015-01-01 01:30:07;155039884
2015-01-01 01:30:08;152981869
2015-01-01 01:30:09;153901559
2015-01-01 01:30:10;154821249
2015-01-01 01:30:11;154428599
2015-01-01 01:30:12;156626602
2015-01-01 01:30:13;156540667
2015-01-01 01:30:14;153541499
2015-01-01 01:30:15;155402379
2015-01-01 01:30:16;154582693
2015-01-01 01:30:17;154304325
2015-01-01 01:30:18;154134983
2015-01-01 01:30:19;153965641
2015-01-01 01:30:20;154853684
2015-01-01 01:30:21;153960561
2015-01-01 01:30:22;154260756
2015-01-01 01:30:23;151815128
2015-01-01 01:30:24;153746198
2015-01-01 01:30:25;152124954
2015-01-01 01:30:26;152651890
2015-01-01 01:30:27;152047620
2015-01-01 01:30:28;152757799
2015-01-01 01:30:29;151678380
2015-01-01 01:30:30;150594591
2015-01-01 01:30:31;148644749
2015-01-01 01:30:32;147655841
2015-01-01 01:30:33;147648845.5
2015-01-01 01:30:34;147641850
2015-01-01 01:30:35;145618476
2015-01-01 01:30:36;147885307
2015-01-01 01:30:37;144039591
2015-01-01 01:30:38;144036611
2015-01-01 01:30:39;143782701
2015-01-01 01:30:40;142650122
2015-01-01 01:30:41;142332618
2015-01-01 01:30:42;139106980
2015-01-01 01:30:43;139804343
2015-01-01 01:30:44;138561888
2015-01-01 01:30:45;139456652
2015-01-01 01:30:46;137564150
2015-01-01 01:30:47;136774686
2015-01-01 01:30:48;137255094
2015-01-01 01:30:49;135996898
2015-01-01 01:30:50;135345349
2015-01-01 01:30:51;135477709
2015-01-01 01:30:52;135122716
2015-01-01 01:30:53;133945897
2015-01-01 01:30:54;131921413
2015-01-01 01:30:55;131078582
2015-01-01 01:30:56;131753218
2015-01-01 01:30:57;132715178
2015-01-01 01:30:58;131419382
2015-01-01 01:30:59;130034160
2015-01-01 01:31:00;132548750
2015-01-01 01:31:01;132896235
2015-01-01 01:31:02;132962457
2015-01-01 01:31:03;133496064
2015-01-01 01:31:04;132378546
2015-01-01 01:31:05;132952946
2015-01-01 01:31:06;132659471
2015-01-01 01:31:07;131684910
2015-01-01 01:31:08;131903466
2015-01-01 01:31:09;130918558
2015-01-01 01:31:10;132298767
2015-01-01 01:31:11;132962105
2015-01-01 01:31:12;135447740
2015-01-01 01:31:13;134610318
2015-01-01 01:31:14;133080074
2015-01-01 01:31:15;134842067
2015-01-01 01:31:16;134451900
2015-01-01 01:31:17;134657948
2015-01-01 01:31:18;133597758
2015-01-01 01:31:19;134018912
2015-01-01 01:31:20;135794766
2015-01-01 01:31:21;134146914
2015-01-01 01:31:22;134923930
2015-01-01 01:31:23;134193874
2015-01-01 01:31:24;136782090
2015-01-01 01:31:25;136535891
2015-01-01 01:31:26;135309879
2015-01-01 01:31:27;136149642
2015-01-01 01:31:28;135318494
2015-01-01 01:31:29;134953564.5
2015-01-01 01:31:30;134658247.333333
2015-01-01 01:31:31;134362930.166667
2015-01-01 01:31:32;134067613
2015-01-01 01:31:33;134109804
2015-01-01 01:31:34;133765267
2015-01-01 01:31:35;133755780
2015-01-01 01:31:36;132869064
2015-01-01 01:31:37;134046186
2015-01-01 01:31:38;133028011
2015-01-01 01:31:39;132499640
2015-01-01 01:31:40;131743581
2015-01-01 01:31:41;131081487
2015-01-01 01:31:42;130674579
2015-01-01 01:31:43;128383854
2015-01-01 01:31:44;128767012
2015-01-01 01:31:45;127895734
2015-01-01 01:31:46;125105671
2015-01-01 01:31:47;126067549
2015-01-01 01:31:48;124099142
2015-01-01 01:31:49;122302414
2015-01-01 01:31:50;121217594
2015-01-01 01:31:51;120895376
2015-01-01 01:31:52;118883845
2015-01-01 01:31:53;117825298
2015-01-01 01:31:54;115681082
2015-01-01 01:31:55;113536866
2015-01-01 01:31:56;112805287
2015-01-01 01:31:57;111674464
2015-01-01 01:31:58;111098965
2015-01-01 01:31:59;112346712
2015-01-01 01:32:00;110004515
2015-01-01 01:32:01;108142506
2015-01-01 01:32:02;107519475
2015-01-01 01:32:03;106649040
2015-01-01 01:32:04;104979618
2015-01-01 01:32:05;105547332
2015-01-01 01:32:06;105079487
2015-01-01 01:32:07;103564861
2015-01-01 01:32:08;104147085
2015-01-01 01:32:09;102894281.5
2015-01-01 01:32:10;101641478
2015-01-01 01:32:11;105046547
2015-01-01 01:32:12;102951359
2015-01-01 01:32:13;102355086
2015-01-01 01:32:14;101258959
2015-01-01 01:32:15;100990150
2015-01-01 01:32:16;99365874
2015-01-01 01:32:17;100469575
2015-01-01 01:32:18;98927844
2015-01-01 01:32:19;97801760
2015-01-01 01:32:20;98118575
2015-01-01 01:32:21;97433170
2015-01-01 01:32:22;96304021
2015-01-01 01:32:23;99597497
2015-01-01 01:32:24;98442768
2015-01-01 01:32:25;97003299
2015-01-01 01:32:26;97201931
2015-01-01 01:32:27;96986395
2015-01-01 01:32:28;96289979
2015-01-01 01:32:29;96729064
2015-01-01 01:32:30;96757998
2015-01-01 01:32:31;96311305
2015-01-01 01:32:32;96692219
2015-01-01 01:32:33;96139749
2015-01-01 01:32:34;95598011
2015-01-01 01:32:35;99354455
2015-01-01 01:32:36;99250726
2015-01-01 01:32:37;99135924
2015-01-01 01:32:38;100123924
2015-01-01 01:32:39;99428013
2015-01-01 01:32:40;97729725
2015-01-01 01:32:41;98197550
2015-01-01 01:32:42;97363017
2015-01-01 01:32:43;97442260
2015-01-01 01:32:44;97608628
2015-01-01 01:32:45;97140973
2015-01-01 01:32:46;97072297
2015-01-01 01:32:47;100530245
2015-01-01 01:32:48;99462056
2015-01-01 01:32:49;99147969
2015-01-01 01:32:50;98718858
2015-01-01 01:32:51;99262502
2015-01-01 01:32:52;98590407
2015-01-01 01:32:53;99596178
2015-01-01 01:32:54;99767393.5
2015-01-01 01:32:55;99938609
2015-01-01 01:32:56;100622986
2015-01-01 01:32:57;100610221
2015-01-01 01:32:58;100881941
2015-01-01 01:32:59;103861045
2015-01-01 01:33:00;102506300
2015-01-01 01:33:01;102542612
2015-01-01 01:33:02;102469270
2015-01-01 01:33:03;104137084
2015-01-01 01:33:04;103580287
2015-01-01 01:33:05;103906281
2015-01-01 01:33:06;104307097
2015-01-01 01:33:07;105517046
2015-01-01 01:33:08;105486944
2015-01-01 01:33:09;106415414
2015-01-01 01:33:10;106411958
2015-01-01 01:33:11;112308864
2015-01-01 01:33:12;111535060
2015-01-01 01:33:13;111877009
2015-01-01 01:33:14;112070535
2015-01-01 01:33:15;113855415
2015-01-01 01:33:16;113269208
2015-01-01 01:33:17;115409603
2015-01-01 01:33:18;116219587
2015-01-01 01:33:19;116448012
2015-01-01 01:33:20;117459150
2015-01-01 01:33:21;118803808
2015-01-01 01:33:22;118831567
2015-01-01 01:33:23;124131391
2015-01-01 01:33:24;123170595
2015-01-01 01:33:25;124764094
2015-01-01 01:33:26;124222657
2015-01-01 01:33:27;126997154
2015-01-01 01:33:28;126936645
2015-01-01 01:33:29;128377494
2015-01-01 01:33:30;128224499
2015-01-01 01:33:31;129863823
2015-01-01 01:33:32;131503147
2015-01-01 01:33:33;132446210
2015-01-01 01:33:34;133345259
2015-01-01 01:33:35;137080379
2015-01-01 01:33:36;136773197
2015-01-01 01:33:37;137999940.5
2015-01-01 01:33:38;139226684
2015-01-01 01:33:39;140162343
2015-01-01 01:33:40;139178533
2015-01-01 01:33:41;142157197
2015-01-01 01:33:42;141550164
2015-01-01 01:33:43;141760787
2015-01-01 01:33:44;142543348
2015-01-01 01:33:45;142248587
2015-01-01 01:33:46;143882539
2015-01-01 01:33:47;144607384.5
2015-01-01 01:33:48;145332230
2015-01-01 01:33:49;145459712
2015-01-01 01:33:50;145230012
2015-01-01 01:33:51;146456805
2015-01-01 01:33:52;147683598
2015-01-01 01:33:53;148910391
2015-01-01 01:33:54;148607969
2015-01-01 01:33:55;148393005
2015-01-01 01:33:56;149320458
2015-01-01 01:33:57;149138216
2015-01-01 01:33:58;148994490
2015-01-01 01:33:59;151906691
2015-01-01 01:34:00;150708440
2015-01-01 01:34:01;150096549
2015-01-01 01:34:02;149132705
2015-01-01 01:34:03;148724683
2015-01-01 01:34:04;148487862
2015-01-01 01:34:05;148133721
2015-01-01 01:34:06;148214553
2015-01-01 01:34:07;147698806
2015-01-01 01:34:08;146690767
2015-01-01 01:34:09;148288608
2015-01-01 01:34:10;147623050
2015-01-01 01:34:11;150432263
2015-01-01 01:34:12;148301676
2015-01-01 01:34:13;147197584
2015-01-01 01:34:14;146837875
2015-01-01 01:34:15;146773265
2015-01-01 01:34:16;146538076
2015-01-01 01:34:17;145546582
2015-01-01 01:34:18;145656202
2015-01-01 01:34:19;145743712.5
2015-01-01 01:34:20;145831223
2015-01-01 01:34:21;145578176
2015-01-01 01:34:22;145541960
2015-01-01 01:34:23;146422136
2015-01-01 01:34:24;145584657
2015-01-01 01:34:25;144625086
2015-01-01 01:34:26;144988895
2015-01-01 01:34:27;144374985
2015-01-01 01:34:28;142993364
2015-01-01 01:34:29;143001676
2015-01-01 01:34:30;143980216
2015-01-01 01:34:31;142651698
2015-01-01 01:34:32;143374812
2015-01-01 01:34:33;142956798
2015-01-01 01:34:34;142679620
2015-01-01 01:34:35;143603877
2015-01-01 01:34:36;142668451
2015-01-01 01:34:37;140763906
2015-01-01 01:34:38;141204298
2015-01-01 01:34:39;141474336
2015-01-01 01:34:40;139978256
2015-01-01 01:34:41;141271282
2015-01-01 01:34:42;140129410
2015-01-01 01:34:43;140874867
2015-01-01 01:34:44;140888243
2015-01-01 01:34:45;140901619
2015-01-01 01:34:46;140665251
2015-01-01 01:34:47;142073556
2015-01-01 01:34:48;140718617
2015-01-01 01:34:49;141016839
2015-01-01 01:34:50;140820088
2015-01-01 01:34:51;139626430
2015-01-01 01:34:52;140822718
2015-01-01 01:34:53;141000052
2015-01-01 01:34:54;139809667
2015-01-01 01:34:55;140545135
2015-01-01 01:34:56;141351380
2015-01-01 01:34:57;140784794
2015-01-01 01:34:58;140307460
2015-01-01 01:34:59;142329387
2015-01-01 01:35:00;142140359
2015-01-01 01:35:01;141362518
2015-01-01 01:35:02;140206552
2015-01-01 01:35:03;140577649
2015-01-01 01:35:04;140213541
2015-01-01 01:35:05;139748638
2015-01-01 01:35:06;140993703
2015-01-01 01:35:07;141974363
2015-01-01 01:35:08;140368050
2015-01-01 01:35:09;139678688
2015-01-01 01:35:10;139608572
2015-01-01 01:35:11;140247248
2015-01-01 01:35:12;138799252
2015-01-01 01:35:13;139194575
2015-01-01 01:35:14;138364088
2015-01-01 01:35:15;138272416
2015-01-01 01:35:16;138049525.5
2015-01-01 01:35:17;137826635
2015-01-01 01:35:18;138053278
2015-01-01 01:35:19;136730982
2015-01-01 01:35:20;136398004
2015-01-01 01:35:21;135608295
2015-01-01 01:35:22;134353066
2015-01-01 01:35:23;136756266
2015-01-01 01:35:24;133694507
2015-01-01 01:35:25;132035113
2015-01-01 01:35:26;131454068
2015-01-01 01:35:27;131715884
2015-01-01 01:35:28;129639836
2015-01-01 01:35:29;130438858
2015-01-01 01:35:30;129548279
2015-01-01 01:35:31;127143728
2015-01-01 01:35:32;127054396
2015-01-01 01:35:33;127457352
2015-01-01 01:35:34;124896711
2015-01-01 01:35:35;126368870
2015-01-01 01:35:36;124634113
2015-01-01 01:35:37;124282878
2015-01-01 01:35:38;122895841
2015-01-01 01:35:39;123098954
2015-01-01 01:35:40;121512548
2015-01-01 01:35:41;121863179
2015-01-01 01:35:42;120470874.5
2015-01-01 01:35:43;119078570
2015-01-01 01:35:44;119103886
2015-01-01 01:35:45;118651484
2015-01-01 01:35:46;118633875
2015-01-01 01:35:47;120385077
2015-01-01 01:35:48;120304171
2015-01-01 01:35:49;119477745
2015-01-01 01:35:50;119528745
2015-01-01 01:35:51;118932911
2015-01-01 01:35:52;119428932
2015-01-01 01:35:53;119497599
2015-01-01 01:35:54;119237383
2015-01-01 01:35:55;117901201
2015-01-01 01:35:56;119488406
2015-01-01 01:35:57;118930706
2015-01-01 01:35:58;117715270
2015-01-01 01:35:59;121306861
2015-01-01 01:36:00;120637177
2015-01-01 01:36:01;119434274
2015-01-01 01:36:02;120118627
2015-01-01 01:36:03;119834758
2015-01-01 01:36:04;120310837
2015-01-01 01:36:05;119592227
2015-01-01 01:36:06;120017698
2015-01-01 01:36:07;118956833
2015-01-01 01:36:08;118820253
2015-01-01 01:36:09;118683673
2015-01-01 01:36:10;118754452.5
2015-01-01 01:36:11;118825232
2015-01-01 01:36:12;120274318
2015-01-01 01:36:13;119433458
2015-01-01 01:36:14;118592598
2015-01-01 01:36:15;118447172
2015-01-01 01:36:16;118561081.75
2015-01-01 01:36:17;118674991.5
2015-01-01 01:36:18;117776073.333333
2015-01-01 01:36:19;116877155.166667
2015-01-01 01:36:20;115978237
2015-01-01 01:36:21;115806993.25
2015-01-01 01:36:22;115635749.5
2015-01-01 01:36:23;118087332
2015-01-01 01:36:24;117562812
2015-01-01 01:36:25;117366138
2015-01-01 01:36:26;117169464
2015-01-01 01:36:27;116901821
2015-01-01 01:36:28;116149648
2015-01-01 01:36:29;116600381
2015-01-01 01:36:30;114697037
2015-01-01 01:36:31;113975725
2015-01-01 01:36:32;113632890
2015-01-01 01:36:33;112321966.5
2015-01-01 01:36:34;111011043
2015-01-01 01:36:35;110712139
2015-01-01 01:36:36;109856224
2015-01-01 01:36:37;108655375
2015-01-01 01:36:38;107840255
2015-01-01 01:36:39;107339151
2015-01-01 01:36:40;106838047
2015-01-01 01:36:41;105655507
2015-01-01 01:36:42;102990271
2015-01-01 01:36:43;101682644
2015-01-01 01:36:44;102043672
2015-01-01 01:36:45;100710875
2015-01-01 01:36:46;98770006
2015-01-01 01:36:47;102915603
2015-01-01 01:36:48;101063829
2015-01-01 01:36:49;100180493
2015-01-01 01:36:50;99166714
2015-01-01 01:36:51;97872902
2015-01-01 01:36:52;97215045
2015-01-01 01:36:53;98015528
2015-01-01 01:36:54;97337254.5
2015-01-01 01:36:55;96658981
2015-01-01 01:36:56;96853333
2015-01-01 01:36:57;96033479
2015-01-01 01:36:58;94671914
2015-01-01 01:36:59;98119283
2015-01-01 01:37:00;97379896
2015-01-01 01:37:01;96845003
2015-01-01 01:37:02;95957076.5
2015-01-01 01:37:03;95069150
2015-01-01 01:37:04;94686319
2015-01-01 01:37:05;95077263
2015-01-01 01:37:06;93449191
2015-01-01 01:37:07;93722027
2015-01-01 01:37:08;94216359
2015-01-01 01:37:09;93610365
2015-01-01 01:37:10;92791410
2015-01-01 01:37:11;93896932
2015-01-01 01:37:12;95002454
2015-01-01 01:37:13;94543142
2015-01-01 01:37:14;94113307
2015-01-01 01:37:15;94206022
2015-01-01 01:37:16;93335195
2015-01-01 01:37:17;94168066
2015-01-01 01:37:18;93412074
2015-01-01 01:37:19;93654817
2015-01-01 01:37:20;94067884
2015-01-01 01:37:21;93732482
2015-01-01 01:37:22;93397080
2015-01-01 01:37:23;97219994
2015-01-01 01:37:24;97198893
2015-01-01 01:37:25;96777446
2015-01-01 01:37:26;97596293
2015-01-01 01:37:27;97726092
2015-01-01 01:37:28;96125897
2015-01-01 01:37:29;95987439
2015-01-01 01:37:30;95406320
2015-01-01 01:37:31;95390096
2015-01-01 01:37:32;95389662
2015-01-01 01:37:33;95536372
2015-01-01 01:37:34;97198017.5
2015-01-01 01:37:35;98859663
2015-01-01 01:37:36;97633776
2015-01-01 01:37:37;97469814
2015-01-01 01:37:38;97844622
2015-01-01 01:37:39;97964273
2015-01-01 01:37:40;97680280
2015-01-01 01:37:41;98154901
2015-01-01 01:37:42;97463450
2015-01-01 01:37:43;97761168
2015-01-01 01:37:44;98909693
2015-01-01 01:37:45;98417940
2015-01-01 01:37:46;98345918
2015-01-01 01:37:47;101554878
2015-01-01 01:37:48;100419756
2015-01-01 01:37:49;100827129
2015-01-01 01:37:50;101719133
2015-01-01 01:37:51;101709140
2015-01-01 01:37:52;101956721
2015-01-01 01:37:53;102348107
2015-01-01 01:37:54;102767590
2015-01-01 01:37:55;103549446.25
2015-01-01 01:37:56;104331302.5
2015-01-01 01:37:57;105034485
2015-01-01 01:37:58;105553861
2015-01-01 01:37:59;110605812
2015-01-01 01:38:00;110190466
2015-01-01 01:38:01;110418688
2015-01-01 01:38:02;111249120
2015-01-01 01:38:03;112114245
2015-01-01 01:38:04;112563140
2015-01-01 01:38:05;113677200.75
2015-01-01 01:38:06;114791261.5
2015-01-01 01:38:07;116253249
2015-01-01 01:38:08;116960795
2015-01-01 01:38:09;117213799
2015-01-01 01:38:10;119329172
2015-01-01 01:38:11;123613199
2015-01-01 01:38:12;122305062
2015-01-01 01:38:13;123353401.25
2015-01-01 01:38:14;124401740.5
2015-01-01 01:38:15;125564438
2015-01-01 01:38:16;126700736
2015-01-01 01:38:17;127766092
2015-01-01 01:38:18;128520080
2015-01-01 01:38:19;129274068
2015-01-01 01:38:20;130594819
2015-01-01 01:38:21;131236911
2015-01-01 01:38:22;131879003
2015-01-01 01:38:23;134641834.5
2015-01-01 01:38:24;135896386
2015-01-01 01:38:25;136342596
2015-01-01 01:38:26;137124589.5
2015-01-01 01:38:27;137906583
2015-01-01 01:38:28;137846190
2015-01-01 01:38:29;138498226.5
2015-01-01 01:38:30;139150263
2015-01-01 01:38:31;140452686
2015-01-01 01:38:32;141060214.5
2015-01-01 01:38:33;141667743
2015-01-01 01:38:34;140613089
2015-01-01 01:38:35;143915465
2015-01-01 01:38:36;144912307
2015-01-01 01:38:37;145139592.5
2015-01-01 01:38:38;145366878
2015-01-01 01:38:39;146213137
2015-01-01 01:38:40;146327760
2015-01-01 01:38:41;146442383
2015-01-01 01:38:42;146583599
2015-01-01 01:38:43;146090259
2015-01-01 01:38:44;146043039
2015-01-01 01:38:45;146496461.5
2015-01-01 01:38:46;146949884
2015-01-01 01:38:47;146511355
2015-01-01 01:38:48;149904787
2015-01-01 01:38:49;148849929
2015-01-01 01:38:50;148148801
2015-01-01 01:38:51;148592886
2015-01-01 01:38:52;146730543
2015-01-01 01:38:53;146533866
2015-01-01 01:38:54;147317747
2015-01-01 01:38:55;145571967
2015-01-01 01:38:56;146211286
2015-01-01 01:38:57;146480955
2015-01-01 01:38:58;146355831
2015-01-01 01:38:59;145750834
2015-01-01 01:39:00;145524597.666667
2015-01-01 01:39:01;145298361.333333
2015-01-01 01:39:02;145072125
2015-01-01 01:39:03;144569465
2015-01-01 01:39:04;144066805
2015-01-01 01:39:05;144097225
2015-01-01 01:39:06;143938302
2015-01-01 01:39:07;143779379
2015-01-01 01:39:08;143358343
2015-01-01 01:39:09;142887364
2015-01-01 01:39:10;142728184.166667
2015-01-01 01:39:11;142569004.333333
2015-01-01 01:39:12;142409824.5
2015-01-01 01:39:13;142250644.666667
2015-01-01 01:39:14;142091464.833333
2015-01-01 01:39:15;141932285
2015-01-01 01:39:16;141615622
2015-01-01 01:39:17;141298959
2015-01-01 01:39:18;141139899
2015-01-01 01:39:19;140980839
2015-01-01 01:39:20;139729894
2015-01-01 01:39:21;140741314
2015-01-01 01:39:22;140781538.666667
2015-01-01 01:39:23;140821763.333333
2015-01-01 01:39:24;140861988
2015-01-01 01:39:25;139866763
2015-01-01 01:39:26;140187022
2015-01-01 01:39:27;140507281
2015-01-01 01:39:28;139609989
2015-01-01 01:39:29;139222497
2015-01-01 01:39:30;138914224
2015-01-01 01:39:31;139062785.666667
2015-01-01 01:39:32;139211347.333333
2015-01-01 01:39:33;139359909
2015-01-01 01:39:34;139605668
2015-01-01 01:39:35;139925364.75
2015-01-01 01:39:36;140245061.5
2015-01-01 01:39:37;140276718.25
2015-01-01 01:39:38;140308375
2015-01-01 01:39:39;139634606
2015-01-01 01:39:40;138960837
2015-01-01 01:39:41;139281720.5
2015-01-01 01:39:42;139602604
2015-01-01 01:39:43;139318036
2015-01-01 01:39:44;140296977
2015-01-01 01:39:45;141275918
2015-01-01 01:39:46;142121116.5
2015-01-01 01:39:47;142966315
2015-01-01 01:39:48;141308767
2015-01-01 01:39:49;140959985
2015-01-01 01:39:50;142053492
2015-01-01 01:39:51;139868243
2015-01-01 01:39:52;139910878.5
2015-01-01 01:39:53;139953514
2015-01-01 01:39:54;138687573
2015-01-01 01:39:55;138457952.5
2015-01-01 01:39:56;138228332
2015-01-01 01:39:57;139794658
2015-01-01 01:39:58;138616134
2015-01-01 01:39:59;138454015
2015-01-01 01:40:00;137761639
2015-01-01 01:40:01;137069263
2015-01-01 01:40:02;136902729
2015-01-01 01:40:03;136591283.125
2015-01-01 01:40:04;136279837.25
2015-01-01 01:40:05;135968391.375
2015-01-01 01:40:06;135656945.5
2015-01-01 01:40:07;133436445
2015-01-01 01:40:08;134280201
2015-01-01 01:40:09;133533545
2015-01-01 01:40:10;131910601
2015-01-01 01:40:11;131985164.5
2015-01-01 01:40:12;132059728
2015-01-01 01:40:13;130784712
2015-01-01 01:40:14;129127784
2015-01-01 01:40:15;128535671
2015-01-01 01:40:16;128090101
2015-01-01 01:40:17;127644531
2015-01-01 01:40:18;126067632.5
2015-01-01 01:40:19;124490734
2015-01-01 01:40:20;124699644.5
2015-01-01 01:40:21;124908555
2015-01-01 01:40:22;124177140.75
2015-01-01 01:40:23;123445726.5
2015-01-01 01:40:24;122744453
2015-01-01 01:40:25;121295321
2015-01-01 01:40:26;121516022
2015-01-01 01:40:27;121680159.5
2015-01-01 01:40:28;121844297
2015-01-01 01:40:29;120476221.5
2015-01-01 01:40:30;119036473
2015-01-01 01:40:31;118390559.75
2015-01-01 01:40:32;117744646.5
2015-01-01 01:40:33;117090265.75
2015-01-01 01:40:34;116435885
2015-01-01 01:40:35;119324054
2015-01-01 01:40:36;117846451
2015-01-01 01:40:37;117867245
2015-01-01 01:40:38;117888039
2015-01-01 01:40:39;117789966.25
2015-01-01 01:40:40;117691893.5
2015-01-01 01:40:41;116902680
2015-01-01 01:40:42;116113466.5
2015-01-01 01:40:43;115324253
2015-01-01 01:40:44;116431672
2015-01-01 01:40:45;117416209
2015-01-01 01:40:46;117021824.5
2015-01-01 01:40:47;116627440
2015-01-01 01:40:48;119313609
2015-01-01 01:40:49;118956162
2015-01-01 01:40:50;118598715
2015-01-01 01:40:51;118241268
2015-01-01 01:40:52;118032600.142857
2015-01-01 01:40:53;117823932.285714
2015-01-01 01:40:54;117615264.428571
2015-01-01 01:40:55;117406596.571429
2015-01-01 01:40:56;117197928.714286
2015-01-01 01:40:57;116989260.857143
2015-01-01 01:40:58;116780593
2015-01-01 01:40:59;117325910.5
2015-01-01 01:41:00;117871228
2015-01-01 01:41:01;117767618
2015-01-01 01:41:02;117805886
2015-01-01 01:41:03;117844154
2015-01-01 01:41:04;118016126
2015-01-01 01:41:05;117670627.5
2015-01-01 01:41:06;117325129
2015-01-01 01:41:07;117075340
2015-01-01 01:41:08;117119761.666667
2015-01-01 01:41:09;117164183.333333
2015-01-01 01:41:10;117208605
2015-01-01 01:41:11;116786709.5
2015-01-01 01:41:12;116364814
2015-01-01 01:41:13;115942918.5
2015-01-01 01:41:14;115521023
2015-01-01 01:41:15;115378592
2015-01-01 01:41:16;115236161
2015-01-01 01:41:17;115454445
2015-01-01 01:41:18;114970880.5
2015-01-01 01:41:19;114487316
2015-01-01 01:41:20;113350134.5
2015-01-01 01:41:21;112212953
2015-01-01 01:41:22;111814645
2015-01-01 01:41:23;111282394.5
2015-01-01 01:41:24;110750144
2015-01-01 01:41:25;110622336
2015-01-01 01:41:26;109310534.2
2015-01-01 01:41:27;107998732.4
2015-01-01 01:41:28;106686930.6
2015-01-01 01:41:29;105375128.8
2015-01-01 01:41:30;104063327
2015-01-01 01:41:31;103345732
2015-01-01 01:41:32;102628137
2015-01-01 01:41:33;101910542
2015-01-01 01:41:34;99982273
2015-01-01 01:41:35;100306734.333333
2015-01-01 01:41:36;100631195.666667
2015-01-01 01:41:37;100955657
2015-01-01 01:41:38;100106207
2015-01-01 01:41:39;99256757
2015-01-01 01:41:40;98550171
2015-01-01 01:41:41;97843585
